user_id,date,description,merchant,category,amount,is_injected_anomaly
synthetic-user-0,2025-01-21,UNKNOWN ELECTRONICS STORE,UNKNOWN ELECTRONICS STORE,Shopping,21279.21,1
synthetic-user-0,2025-01-21,APOLLO PHARMACY,APOLLO PHARMACY,Healthcare,510.38,0
synthetic-user-0,2025-01-21,INDIAN OIL PETROL,INDIAN OIL PETROL,Transportation,1081.58,0
synthetic-user-0,2025-01-21,APOLLO PHARMACY,APOLLO PHARMACY,Healthcare,385.51,0
synthetic-user-0,2025-01-23,SWIGGY,SWIGGY,Food,377.77,0
synthetic-user-0,2025-01-24,MYNTRA,MYNTRA,Shopping,1472.7,0
synthetic-user-0,2025-01-26,AIRTEL POSTPAID,AIRTEL POSTPAID,Utilities,660.61,0
synthetic-user-0,2025-01-26,NETFLIX SUBSCRIPTION,NETFLIX SUBSCRIPTION,Subscription,508.58,0
synthetic-user-0,2025-01-29,AIRTEL POSTPAID,AIRTEL POSTPAID,Utilities,500.12,0
synthetic-user-0,2025-01-29,NETFLIX SUBSCRIPTION,NETFLIX SUBSCRIPTION,Subscription,514.58,0
synthetic-user-0,2025-01-29,FLIPKART,FLIPKART,Shopping,890.58,0
synthetic-user-0,2025-01-29,BIGBASKET,BIGBASKET,Groceries,1319.59,0
synthetic-user-0,2025-01-31,NETFLIX SUBSCRIPTION,NETFLIX SUBSCRIPTION,Subscription,722.19,0
synthetic-user-0,2025-02-01,STARBUCKS,STARBUCKS,Food,232.22,0
synthetic-user-0,2025-02-02,AIRTEL POSTPAID,AIRTEL POSTPAID,Utilities,564.14,0
synthetic-user-0,2025-02-04,APOLLO PHARMACY,APOLLO PHARMACY,Healthcare,461.34,0
synthetic-user-0,2025-02-04,ZOMATO,ZOMATO,Food,452.16,0
synthetic-user-0,2025-02-06,STARBUCKS,STARBUCKS,Food,271.78,0
synthetic-user-0,2025-02-08,SALARY CREDIT,SALARY CREDIT,Salary,87633.73,0
synthetic-user-0,2025-02-11,HOUSE RENT NEFT,HOUSE RENT NEFT,Rent,15769.29,0
synthetic-user-0,2025-02-13,ELECTRICITY BILL PAYMENT,ELECTRICITY BILL PAYMENT,Bills,2341.51,0
synthetic-user-0,2025-02-16,DMART,DMART,Groceries,1869.25,0
synthetic-user-0,2025-02-16,DMART,DMART,Groceries,1992.16,0
synthetic-user-0,2025-02-17,ELECTRICITY BILL PAYMENT,ELECTRICITY BILL PAYMENT,Bills,1932.61,0
synthetic-user-0,2025-02-20,APOLLO PHARMACY,APOLLO PHARMACY,Healthcare,412.12,0
synthetic-user-0,2025-02-20,BIGBASKET,BIGBASKET,Groceries,1383.84,0
synthetic-user-0,2025-02-22,MYNTRA,MYNTRA,Shopping,1246.1,0
synthetic-user-0,2025-02-22,UBER,UBER,Transportation,128.72,0
synthetic-user-0,2025-02-24,UBER,UBER,Transportation,221.33,0
synthetic-user-0,2025-02-24,FLIPKART,FLIPKART,Shopping,1097.26,0
synthetic-user-0,2025-02-25,UBER,UBER,Transportation,170.05,0
synthetic-user-0,2025-02-25,SALARY CREDIT,SALARY CREDIT,Salary,87263.46,0
synthetic-user-0,2025-02-27,INDIAN OIL PETROL,INDIAN OIL PETROL,Transportation,1042.13,0
synthetic-user-0,2025-02-27,SALARY CREDIT,SALARY CREDIT,Salary,75856.07,0
synthetic-user-0,2025-02-28,SALARY CREDIT,SALARY CREDIT,Salary,40349.15,0
synthetic-user-0,2025-03-01,ELECTRICITY BILL PAYMENT,ELECTRICITY BILL PAYMENT,Bills,2939.89,0
synthetic-user-0,2025-03-02,AIRTEL POSTPAID,AIRTEL POSTPAID,Utilities,553.12,0
synthetic-user-0,2025-03-04,ZERODHA,ZERODHA,Investment,4459.97,0
synthetic-user-0,2025-03-04,APOLLO PHARMACY,APOLLO PHARMACY,Healthcare,465.29,0
synthetic-user-0,2025-03-05,SWIGGY,SWIGGY,Food,416.89,0
synthetic-user-0,2025-03-06,ZOMATO,ZOMATO,Food,436.56,0
synthetic-user-0,2025-03-08,INDIAN OIL PETROL,INDIAN OIL PETROL,Transportation,969.23,0
synthetic-user-0,2025-03-09,SALARY CREDIT,SALARY CREDIT,Salary,76059.69,0
synthetic-user-0,2025-03-10,ELECTRICITY BILL PAYMENT,ELECTRICITY BILL PAYMENT,Bills,2254.5,0
synthetic-user-0,2025-03-13,ELECTRICITY BILL PAYMENT,ELECTRICITY BILL PAYMENT,Bills,2338.69,0
synthetic-user-0,2025-03-16,ZOMATO,ZOMATO,Food,319.99,0
synthetic-user-0,2025-03-16,MYNTRA,MYNTRA,Shopping,925.8,0
synthetic-user-0,2025-03-16,OLA CABS,OLA CABS,Transportation,165.54,0
synthetic-user-0,2025-03-17,INDIAN OIL PETROL,INDIAN OIL PETROL,Transportation,981.37,0
synthetic-user-0,2025-03-17,APOLLO PHARMACY,APOLLO PHARMACY,Healthcare,530.11,0
synthetic-user-0,2025-03-17,INDIAN OIL PETROL,INDIAN OIL PETROL,Transportation,1125.8,0
synthetic-user-0,2025-03-18,SALARY CREDIT,SALARY CREDIT,Salary,67229.21,0
synthetic-user-0,2025-03-18,SWIGGY,SWIGGY,Food,401.78,0
synthetic-user-0,2025-03-21,HOUSE RENT NEFT,HOUSE RENT NEFT,Rent,14236.64,0
synthetic-user-0,2025-03-24,FLIPKART,FLIPKART,Shopping,1226.01,0
synthetic-user-0,2025-03-25,APOLLO PHARMACY,APOLLO PHARMACY,Healthcare,504.32,0
synthetic-user-0,2025-03-25,ZERODHA,ZERODHA,Investment,5243.15,0
synthetic-user-0,2025-03-26,ZERODHA,ZERODHA,Investment,5421.26,0
synthetic-user-0,2025-03-26,INDIAN OIL PETROL,INDIAN OIL PETROL,Transportation,1046.4,0
synthetic-user-0,2025-03-29,INDIAN OIL PETROL,INDIAN OIL PETROL,Transportation,962.43,0
synthetic-user-0,2025-03-29,ZERODHA,ZERODHA,Investment,4898.37,0
synthetic-user-0,2025-03-31,OLA CABS,OLA CABS,Transportation,168.67,0
synthetic-user-0,2025-04-02,FLIPKART,FLIPKART,Shopping,885.95,0
synthetic-user-0,2025-04-05,STARBUCKS,STARBUCKS,Food,302.16,0
synthetic-user-0,2025-04-05,OLA CABS,OLA CABS,Transportation,182.2,0
synthetic-user-0,2025-04-07,NETFLIX SUBSCRIPTION,NETFLIX SUBSCRIPTION,Subscription,795.67,0
synthetic-user-0,2025-04-09,HOUSE RENT NEFT,HOUSE RENT NEFT,Rent,11851.17,0
synthetic-user-0,2025-04-11,ZERODHA,ZERODHA,Investment,6380.79,0
synthetic-user-0,2025-04-13,BIGBASKET,BIGBASKET,Groceries,1520.38,0
synthetic-user-0,2025-04-14,BIGBASKET,BIGBASKET,Groceries,1493.77,0
synthetic-user-0,2025-04-16,MYNTRA,MYNTRA,Shopping,1369.36,0
synthetic-user-0,2025-04-17,AMAZON,AMAZON,Shopping,1063.19,0
synthetic-user-0,2025-04-17,ELECTRICITY BILL PAYMENT,ELECTRICITY BILL PAYMENT,Bills,2191.47,0
synthetic-user-0,2025-04-19,MYNTRA,MYNTRA,Shopping,1542.39,0
synthetic-user-0,2025-04-21,HOUSE RENT NEFT,HOUSE RENT NEFT,Rent,11824.52,0
synthetic-user-0,2025-04-24,BIGBASKET,BIGBASKET,Groceries,1915.05,0
synthetic-user-0,2025-04-25,NETFLIX SUBSCRIPTION,NETFLIX SUBSCRIPTION,Subscription,740.85,0
synthetic-user-0,2025-04-26,ZOMATO,ZOMATO,Food,354.02,0
synthetic-user-0,2025-04-26,OLA CABS,OLA CABS,Transportation,233.98,0
synthetic-user-0,2025-04-27,NETFLIX SUBSCRIPTION,NETFLIX SUBSCRIPTION,Subscription,687.02,0
synthetic-user-0,2025-04-30,DMART,DMART,Groceries,1388.25,0
synthetic-user-0,2025-05-01,UBER,UBER,Transportation,204.94,0
synthetic-user-0,2025-05-03,ELECTRICITY BILL PAYMENT,ELECTRICITY BILL PAYMENT,Bills,2149.87,0
synthetic-user-0,2025-05-04,BIGBASKET,BIGBASKET,Groceries,1453.22,0
synthetic-user-0,2025-05-07,HOUSE RENT NEFT,HOUSE RENT NEFT,Rent,15425.46,0
synthetic-user-0,2025-05-09,INDIAN OIL PETROL,INDIAN OIL PETROL,Transportation,1037.31,0
synthetic-user-0,2025-05-12,STARBUCKS,STARBUCKS,Food,304.29,0
synthetic-user-0,2025-05-14,ZERODHA,ZERODHA,Investment,3292.51,0
synthetic-user-0,2025-05-16,BIGBASKET,BIGBASKET,Groceries,1873.75,0
synthetic-user-0,2025-05-18,AMAZON,AMAZON,Shopping,1435.56,0
synthetic-user-0,2025-05-20,MYNTRA,MYNTRA,Shopping,1572.17,0
synthetic-user-0,2025-05-23,ZERODHA,ZERODHA,Investment,6201.66,0
synthetic-user-0,2025-05-24,ELECTRICITY BILL PAYMENT,ELECTRICITY BILL PAYMENT,Bills,2669.97,0
synthetic-user-0,2025-05-24,APOLLO PHARMACY,APOLLO PHARMACY,Healthcare,388.08,0
synthetic-user-0,2025-05-25,STARBUCKS,STARBUCKS,Food,167.89,0
synthetic-user-0,2025-05-27,BIGBASKET,BIGBASKET,Groceries,1464.08,0
synthetic-user-0,2025-05-29,MYNTRA,MYNTRA,Shopping,1313.27,0
synthetic-user-0,2025-06-01,APOLLO PHARMACY,APOLLO PHARMACY,Healthcare,499.13,0
synthetic-user-0,2025-06-04,UBER,UBER,Transportation,222.47,0
synthetic-user-0,2025-06-06,SWIGGY,SWIGGY,Food,338.02,0
synthetic-user-0,2025-06-08,HOUSE RENT NEFT,HOUSE RENT NEFT,Rent,16457.94,0
synthetic-user-0,2025-06-09,UBER,UBER,Transportation,186.72,0
synthetic-user-0,2025-06-11,INDIAN OIL PETROL,INDIAN OIL PETROL,Transportation,897.0,0
synthetic-user-0,2025-06-13,OLA CABS,OLA CABS,Transportation,184.99,0
synthetic-user-0,2025-06-16,STARBUCKS,STARBUCKS,Food,259.22,0
synthetic-user-0,2025-06-19,OLA CABS,OLA CABS,Transportation,174.75,0
synthetic-user-0,2025-06-22,SWIGGY,SWIGGY,Food,299.34,0
synthetic-user-0,2025-06-22,INDIAN OIL PETROL,INDIAN OIL PETROL,Transportation,1169.57,0
synthetic-user-0,2025-06-25,INDIAN OIL PETROL,INDIAN OIL PETROL,Transportation,1337.44,0
synthetic-user-0,2025-06-25,HOUSE RENT NEFT,HOUSE RENT NEFT,Rent,11690.63,0
synthetic-user-0,2025-06-27,HOUSE RENT NEFT,HOUSE RENT NEFT,Rent,9191.47,0
synthetic-user-0,2025-06-30,APOLLO PHARMACY,APOLLO PHARMACY,Healthcare,412.53,0
synthetic-user-0,2025-07-03,INDIAN OIL PETROL,INDIAN OIL PETROL,Transportation,1029.44,0
synthetic-user-0,2025-07-05,ZERODHA,ZERODHA,Investment,4447.96,0
synthetic-user-0,2025-07-08,FLIPKART,FLIPKART,Shopping,1010.72,0
synthetic-user-0,2025-07-09,MYNTRA,MYNTRA,Shopping,1572.17,0
synthetic-user-0,2025-07-10,DMART,DMART,Groceries,1923.43,0
synthetic-user-0,2025-07-11,ELECTRICITY BILL PAYMENT,ELECTRICITY BILL PAYMENT,Bills,2020.15,0
synthetic-user-0,2025-07-11,ELECTRICITY BILL PAYMENT,ELECTRICITY BILL PAYMENT,Bills,2522.9,0
synthetic-user-0,2025-07-14,SWIGGY,SWIGGY,Food,405.58,0
synthetic-user-1,2025-01-16,LUXURY WATCH BOUTIQUE,LUXURY WATCH BOUTIQUE,Shopping,53405.16,1
synthetic-user-1,2025-01-19,APOLLO PHARMACY,APOLLO PHARMACY,Healthcare,359.92,0
synthetic-user-1,2025-01-20,AMAZON,AMAZON,Shopping,1159.81,0
synthetic-user-1,2025-01-22,AIRTEL POSTPAID,AIRTEL POSTPAID,Utilities,607.56,0
synthetic-user-1,2025-01-23,DMART,DMART,Groceries,2368.08,0
synthetic-user-1,2025-01-26,SWIGGY,SWIGGY,Food,342.16,0
synthetic-user-1,2025-01-26,DMART,DMART,Groceries,2127.3,0
synthetic-user-1,2025-01-28,OLA CABS,OLA CABS,Transportation,167.31,0
synthetic-user-1,2025-01-31,AIRTEL POSTPAID,AIRTEL POSTPAID,Utilities,560.0,0
synthetic-user-1,2025-02-03,STARBUCKS,STARBUCKS,Food,340.71,0
synthetic-user-1,2025-02-06,NETFLIX SUBSCRIPTION,NETFLIX SUBSCRIPTION,Subscription,4767.12,1
synthetic-user-1,2025-02-06,ZOMATO,ZOMATO,Food,403.9,0
synthetic-user-1,2025-02-07,DMART,DMART,Groceries,1266.88,0
synthetic-user-1,2025-02-08,BIGBASKET,BIGBASKET,Groceries,1354.8,0
synthetic-user-1,2025-02-10,UBER,UBER,Transportation,191.77,0
synthetic-user-1,2025-02-10,UBER,UBER,Transportation,214.0,0
synthetic-user-1,2025-02-10,AIRTEL POSTPAID,AIRTEL POSTPAID,Utilities,589.55,0
synthetic-user-1,2025-02-13,OLA CABS,OLA CABS,Transportation,216.73,0
synthetic-user-1,2025-02-14,FLIPKART,FLIPKART,Shopping,1105.59,0
synthetic-user-1,2025-02-14,ZOMATO,ZOMATO,Food,363.61,0
synthetic-user-1,2025-02-16,MYNTRA,MYNTRA,Shopping,1694.94,0
synthetic-user-1,2025-02-16,SALARY CREDIT,SALARY CREDIT,Salary,84555.85,0
synthetic-user-1,2025-02-19,ELECTRICITY BILL PAYMENT,ELECTRICITY BILL PAYMENT,Bills,2717.01,0
synthetic-user-1,2025-02-20,AMAZON,AMAZON,Shopping,898.36,0
synthetic-user-1,2025-02-23,AMAZON,AMAZON,Shopping,930.98,0
synthetic-user-1,2025-02-25,STARBUCKS,STARBUCKS,Food,242.58,0
synthetic-user-1,2025-02-28,AIRTEL POSTPAID,AIRTEL POSTPAID,Utilities,695.75,0
synthetic-user-1,2025-03-02,UBER,UBER,Transportation,1785.06,1
synthetic-user-1,2025-03-04,MYNTRA,MYNTRA,Shopping,1443.86,0
synthetic-user-1,2025-03-06,ZERODHA,ZERODHA,Investment,5992.5,0
synthetic-user-1,2025-03-07,ELECTRICITY BILL PAYMENT,ELECTRICITY BILL PAYMENT,Bills,1645.4,0
synthetic-user-1,2025-03-10,SALARY CREDIT,SALARY CREDIT,Salary,66177.99,0
synthetic-user-1,2025-03-13,STARBUCKS,STARBUCKS,Food,239.53,0
synthetic-user-1,2025-03-14,NETFLIX SUBSCRIPTION,NETFLIX SUBSCRIPTION,Subscription,744.3,0
synthetic-user-1,2025-03-17,NETFLIX SUBSCRIPTION,NETFLIX SUBSCRIPTION,Subscription,505.18,0
synthetic-user-1,2025-03-19,HOUSE RENT NEFT,HOUSE RENT NEFT,Rent,16680.44,0
synthetic-user-1,2025-03-21,INDIAN OIL PETROL,INDIAN OIL PETROL,Transportation,1071.24,0
synthetic-user-1,2025-03-21,UBER,UBER,Transportation,213.49,0
synthetic-user-1,2025-03-22,SALARY CREDIT,SALARY CREDIT,Salary,62843.4,0
synthetic-user-1,2025-03-24,OLA CABS,OLA CABS,Transportation,215.54,0
synthetic-user-1,2025-03-26,UBER,UBER,Transportation,184.82,0
synthetic-user-1,2025-03-27,ZOMATO,ZOMATO,Food,489.12,0
synthetic-user-1,2025-03-29,DMART,DMART,Groceries,1675.15,0
synthetic-user-1,2025-03-29,FLIPKART,FLIPKART,Shopping,808.93,0
synthetic-user-1,2025-04-01,MYNTRA,MYNTRA,Shopping,1529.29,0
synthetic-user-1,2025-04-04,STARBUCKS,STARBUCKS,Food,261.16,0
synthetic-user-1,2025-04-07,ZOMATO,ZOMATO,Food,463.42,0
synthetic-user-1,2025-04-09,INDIAN OIL PETROL,INDIAN OIL PETROL,Transportation,1223.3,0
synthetic-user-1,2025-04-09,ELECTRICITY BILL PAYMENT,ELECTRICITY BILL PAYMENT,Bills,1741.78,0
synthetic-user-1,2025-04-10,AIRTEL POSTPAID,AIRTEL POSTPAID,Utilities,500.56,0
synthetic-user-1,2025-04-13,FLIPKART,FLIPKART,Shopping,1290.64,0
synthetic-user-1,2025-04-15,ZOMATO,ZOMATO,Food,259.77,0
synthetic-user-1,2025-04-15,OLA CABS,OLA CABS,Transportation,165.08,0
synthetic-user-1,2025-04-15,UBER,UBER,Transportation,183.31,0
synthetic-user-1,2025-04-15,ELECTRICITY BILL PAYMENT,ELECTRICITY BILL PAYMENT,Bills,1778.28,0
synthetic-user-1,2025-04-17,LUXURY WATCH BOUTIQUE,LUXURY WATCH BOUTIQUE,Shopping,46634.44,1
synthetic-user-1,2025-04-20,INDIAN OIL PETROL,INDIAN OIL PETROL,Transportation,1061.61,0
synthetic-user-1,2025-04-22,OLA CABS,OLA CABS,Transportation,149.81,0
synthetic-user-1,2025-04-23,DMART,DMART,Groceries,2170.52,0
synthetic-user-1,2025-04-23,FLIPKART,FLIPKART,Shopping,768.7,0
synthetic-user-1,2025-04-25,HOUSE RENT NEFT,HOUSE RENT NEFT,Rent,12640.72,0
synthetic-user-1,2025-04-27,AMAZON,AMAZON,Shopping,989.96,0
synthetic-user-1,2025-04-27,ELECTRICITY BILL PAYMENT,ELECTRICITY BILL PAYMENT,Bills,2198.86,0
synthetic-user-1,2025-04-29,SWIGGY,SWIGGY,Food,462.72,0
synthetic-user-1,2025-04-29,AMAZON,AMAZON,Shopping,1449.8,0
synthetic-user-1,2025-04-29,UBER,UBER,Transportation,157.19,0
synthetic-user-1,2025-05-01,ELECTRICITY BILL PAYMENT,ELECTRICITY BILL PAYMENT,Bills,2288.3,0
synthetic-user-1,2025-05-04,SALARY CREDIT,SALARY CREDIT,Salary,59930.88,0
synthetic-user-1,2025-05-04,MYNTRA,MYNTRA,Shopping,1665.42,0
synthetic-user-1,2025-05-07,FLIPKART,FLIPKART,Shopping,920.79,0
synthetic-user-1,2025-05-07,MYNTRA,MYNTRA,Shopping,1305.88,0
synthetic-user-1,2025-05-09,AIRTEL POSTPAID,AIRTEL POSTPAID,Utilities,709.86,0
synthetic-user-1,2025-05-09,APOLLO PHARMACY,APOLLO PHARMACY,Healthcare,355.43,0
synthetic-user-1,2025-05-12,OLA CABS,OLA CABS,Transportation,142.56,0
synthetic-user-1,2025-05-15,ZOMATO,ZOMATO,Food,390.32,0
synthetic-user-1,2025-05-16,DMART,DMART,Groceries,2289.43,0
synthetic-user-1,2025-05-19,INDIAN OIL PETROL,INDIAN OIL PETROL,Transportation,929.3,0
synthetic-user-1,2025-05-20,SWIGGY,SWIGGY,Food,328.02,0
synthetic-user-1,2025-05-20,BIGBASKET,BIGBASKET,Groceries,1467.91,0
synthetic-user-1,2025-05-21,FLIPKART,FLIPKART,Shopping,880.3,0
synthetic-user-1,2025-05-24,INDIAN OIL PETROL,INDIAN OIL PETROL,Transportation,993.32,0
synthetic-user-1,2025-05-27,AIRTEL POSTPAID,AIRTEL POSTPAID,Utilities,643.3,0
synthetic-user-1,2025-05-28,AMAZON,AMAZON,Shopping,1426.71,0
synthetic-user-1,2025-05-31,ZERODHA,ZERODHA,Investment,4994.21,0
synthetic-user-1,2025-06-02,SALARY CREDIT,SALARY CREDIT,Salary,65694.75,0
synthetic-user-1,2025-06-03,SALARY CREDIT,SALARY CREDIT,Salary,58047.91,0
synthetic-user-1,2025-06-06,MYNTRA,MYNTRA,Shopping,1735.67,0
synthetic-user-1,2025-06-07,INDIAN OIL PETROL,INDIAN OIL PETROL,Transportation,901.54,0
synthetic-user-1,2025-06-10,SALARY CREDIT,SALARY CREDIT,Salary,61899.58,0
synthetic-user-1,2025-06-13,DMART,DMART,Groceries,1917.63,0
synthetic-user-1,2025-06-15,HOUSE RENT NEFT,HOUSE RENT NEFT,Rent,15018.14,0
synthetic-user-1,2025-06-15,HOUSE RENT NEFT,HOUSE RENT NEFT,Rent,16249.6,0
synthetic-user-1,2025-06-16,AMAZON,AMAZON,Shopping,1209.67,0
synthetic-user-1,2025-06-18,AIRTEL POSTPAID,AIRTEL POSTPAID,Utilities,495.66,0
synthetic-user-1,2025-06-21,SALARY CREDIT,SALARY CREDIT,Salary,49598.92,0
synthetic-user-1,2025-06-21,INDIAN OIL PETROL,INDIAN OIL PETROL,Transportation,770.49,0
synthetic-user-1,2025-06-22,ELECTRICITY BILL PAYMENT,ELECTRICITY BILL PAYMENT,Bills,1654.38,0
synthetic-user-1,2025-06-22,BIGBASKET,BIGBASKET,Groceries,1175.19,0
synthetic-user-1,2025-06-22,ZOMATO,ZOMATO,Food,432.0,0
synthetic-user-1,2025-06-24,ELECTRICITY BILL PAYMENT,ELECTRICITY BILL PAYMENT,Bills,2447.8,0
synthetic-user-1,2025-06-25,STARBUCKS,STARBUCKS,Food,286.57,0
synthetic-user-1,2025-06-28,INDIAN OIL PETROL,INDIAN OIL PETROL,Transportation,801.58,0
synthetic-user-1,2025-06-29,AMAZON,AMAZON,Shopping,1203.49,0
synthetic-user-1,2025-07-02,SWIGGY,SWIGGY,Food,397.29,0
synthetic-user-1,2025-07-04,UBER,UBER,Transportation,180.08,0
synthetic-user-1,2025-07-04,NETFLIX SUBSCRIPTION,NETFLIX SUBSCRIPTION,Subscription,730.84,0
synthetic-user-1,2025-07-07,HOUSE RENT NEFT,HOUSE RENT NEFT,Rent,14852.96,0
synthetic-user-1,2025-07-09,AIRTEL POSTPAID,AIRTEL POSTPAID,Utilities,624.8,0
synthetic-user-1,2025-07-12,FLIPKART,FLIPKART,Shopping,943.26,0
synthetic-user-1,2025-07-14,AIRTEL POSTPAID,AIRTEL POSTPAID,Utilities,4580.48,1
synthetic-user-1,2025-07-14,SALARY CREDIT,SALARY CREDIT,Salary,75472.33,0
synthetic-user-1,2025-07-15,NETFLIX SUBSCRIPTION,NETFLIX SUBSCRIPTION,Subscription,466.59,0
synthetic-user-1,2025-07-16,AMAZON,AMAZON,Shopping,1073.91,0
synthetic-user-1,2025-07-17,ZOMATO,ZOMATO,Food,313.84,0
synthetic-user-1,2025-07-19,ZOMATO,ZOMATO,Food,314.51,0
synthetic-user-1,2025-07-19,MYNTRA,MYNTRA,Shopping,1324.86,0
synthetic-user-1,2025-07-22,DMART,DMART,Groceries,2139.52,0
synthetic-user-1,2025-07-24,AMAZON,AMAZON,Shopping,841.53,0
synthetic-user-1,2025-07-25,SALARY CREDIT,SALARY CREDIT,Salary,72983.98,0
synthetic-user-1,2025-07-27,HOUSE RENT NEFT,HOUSE RENT NEFT,Rent,14617.05,0
synthetic-user-2,2025-01-31,INDIAN OIL PETROL,INDIAN OIL PETROL,Transportation,1153.63,0
synthetic-user-2,2025-02-03,APOLLO PHARMACY,APOLLO PHARMACY,Healthcare,366.58,0
synthetic-user-2,2025-02-05,AIRTEL POSTPAID,AIRTEL POSTPAID,Utilities,710.01,0
synthetic-user-2,2025-02-08,AMAZON,AMAZON,Shopping,1219.5,0
synthetic-user-2,2025-02-11,NETFLIX SUBSCRIPTION,NETFLIX SUBSCRIPTION,Subscription,704.21,0
synthetic-user-2,2025-02-11,APOLLO PHARMACY,APOLLO PHARMACY,Healthcare,481.01,0
synthetic-user-2,2025-02-13,INDIAN OIL PETROL,INDIAN OIL PETROL,Transportation,872.23,0
synthetic-user-2,2025-02-16,FLIPKART,FLIPKART,Shopping,829.48,0
synthetic-user-2,2025-02-19,ZOMATO,ZOMATO,Food,448.23,0
synthetic-user-2,2025-02-22,INDIAN OIL PETROL,INDIAN OIL PETROL,Transportation,957.67,0
synthetic-user-2,2025-02-23,NETFLIX SUBSCRIPTION,NETFLIX SUBSCRIPTION,Subscription,572.1,0
synthetic-user-2,2025-02-26,DMART,DMART,Groceries,1565.83,0
synthetic-user-2,2025-03-01,SALARY CREDIT,SALARY CREDIT,Salary,47762.5,0
synthetic-user-2,2025-03-03,LUXURY WATCH BOUTIQUE,LUXURY WATCH BOUTIQUE,Shopping,35011.31,1
synthetic-user-2,2025-03-04,BIGBASKET,BIGBASKET,Groceries,1146.39,0
synthetic-user-2,2025-03-06,NETFLIX SUBSCRIPTION,NETFLIX SUBSCRIPTION,Subscription,721.63,0
synthetic-user-2,2025-03-06,HOUSE RENT NEFT,HOUSE RENT NEFT,Rent,15671.32,0
synthetic-user-2,2025-03-06,SWIGGY,SWIGGY,Food,394.92,0
synthetic-user-2,2025-03-07,OLA CABS,OLA CABS,Transportation,187.6,0
synthetic-user-2,2025-03-07,APOLLO PHARMACY,APOLLO PHARMACY,Healthcare,462.52,0
synthetic-user-2,2025-03-08,DMART,DMART,Groceries,2201.73,0
synthetic-user-2,2025-03-08,DMART,DMART,Groceries,2372.83,0
synthetic-user-2,2025-03-09,SWIGGY,SWIGGY,Food,344.88,0
synthetic-user-2,2025-03-10,INDIAN OIL PETROL,INDIAN OIL PETROL,Transportation,9533.12,1
synthetic-user-2,2025-03-10,ZOMATO,ZOMATO,Food,443.86,0
synthetic-user-2,2025-03-10,SALARY CREDIT,SALARY CREDIT,Salary,72286.18,0
synthetic-user-2,2025-03-13,ZERODHA,ZERODHA,Investment,4315.79,0
synthetic-user-2,2025-03-14,ZOMATO,ZOMATO,Food,363.47,0
synthetic-user-2,2025-03-16,SWIGGY,SWIGGY,Food,405.62,0
synthetic-user-2,2025-03-19,BIGBASKET,BIGBASKET,Groceries,1595.82,0
synthetic-user-2,2025-03-22,HOUSE RENT NEFT,HOUSE RENT NEFT,Rent,15826.83,0
synthetic-user-2,2025-03-23,AMAZON,AMAZON,Shopping,1232.92,0
synthetic-user-2,2025-03-25,ZERODHA,ZERODHA,Investment,4752.21,0
synthetic-user-2,2025-03-28,BIGBASKET,BIGBASKET,Groceries,1756.49,0
synthetic-user-2,2025-03-29,INDIAN OIL PETROL,INDIAN OIL PETROL,Transportation,759.05,0
synthetic-user-2,2025-04-01,BIGBASKET,BIGBASKET,Groceries,1717.4,0
synthetic-user-2,2025-04-03,AMAZON,AMAZON,Shopping,1127.07,0
synthetic-user-2,2025-04-06,STARBUCKS,STARBUCKS,Food,265.33,0
synthetic-user-2,2025-04-06,NETFLIX SUBSCRIPTION,NETFLIX SUBSCRIPTION,Subscription,695.97,0
synthetic-user-2,2025-04-08,ELECTRICITY BILL PAYMENT,ELECTRICITY BILL PAYMENT,Bills,1810.55,0
synthetic-user-2,2025-04-10,ELECTRICITY BILL PAYMENT,ELECTRICITY BILL PAYMENT,Bills,2556.35,0
synthetic-user-2,2025-04-12,NETFLIX SUBSCRIPTION,NETFLIX SUBSCRIPTION,Subscription,534.33,0
synthetic-user-2,2025-04-12,OLA CABS,OLA CABS,Transportation,197.46,0
synthetic-user-2,2025-04-12,APOLLO PHARMACY,APOLLO PHARMACY,Healthcare,513.98,0
synthetic-user-2,2025-04-14,AMAZON,AMAZON,Shopping,908.15,0
synthetic-user-2,2025-04-14,AMAZON,AMAZON,Shopping,1053.37,0
synthetic-user-2,2025-04-14,FLIPKART,FLIPKART,Shopping,1122.88,0
synthetic-user-2,2025-04-15,AIRTEL POSTPAID,AIRTEL POSTPAID,Utilities,559.46,0
synthetic-user-2,2025-04-15,SWIGGY,SWIGGY,Food,404.12,0
synthetic-user-2,2025-04-18,MYNTRA,MYNTRA,Shopping,1650.82,0
synthetic-user-2,2025-04-19,MYNTRA,MYNTRA,Shopping,1548.89,0
synthetic-user-2,2025-04-19,DMART,DMART,Groceries,1617.04,0
synthetic-user-2,2025-04-20,ZOMATO,ZOMATO,Food,378.01,0
synthetic-user-2,2025-04-23,HOUSE RENT NEFT,HOUSE RENT NEFT,Rent,13407.53,0
synthetic-user-2,2025-04-26,ZERODHA,ZERODHA,Investment,5600.32,0
synthetic-user-2,2025-04-28,SALARY CREDIT,SALARY CREDIT,Salary,71777.88,0
synthetic-user-2,2025-04-30,AIRTEL POSTPAID,AIRTEL POSTPAID,Utilities,629.02,0
synthetic-user-2,2025-05-01,OLA CABS,OLA CABS,Transportation,179.12,0
synthetic-user-2,2025-05-02,FLIPKART,FLIPKART,Shopping,991.19,0
synthetic-user-2,2025-05-05,AIRTEL POSTPAID,AIRTEL POSTPAID,Utilities,608.87,0
synthetic-user-2,2025-05-06,NETFLIX SUBSCRIPTION,NETFLIX SUBSCRIPTION,Subscription,823.14,0
synthetic-user-2,2025-05-06,HOUSE RENT NEFT,HOUSE RENT NEFT,Rent,16958.48,0
synthetic-user-2,2025-05-06,ELECTRICITY BILL PAYMENT,ELECTRICITY BILL PAYMENT,Bills,1735.33,0
synthetic-user-2,2025-05-09,AIRTEL POSTPAID,AIRTEL POSTPAID,Utilities,536.13,0
synthetic-user-2,2025-05-09,UBER,UBER,Transportation,213.19,0
synthetic-user-2,2025-05-11,BIGBASKET,BIGBASKET,Groceries,1203.89,0
synthetic-user-2,2025-05-12,AIRTEL POSTPAID,AIRTEL POSTPAID,Utilities,509.83,0
synthetic-user-2,2025-05-14,INDIAN OIL PETROL,INDIAN OIL PETROL,Transportation,977.42,0
synthetic-user-2,2025-05-16,STARBUCKS,STARBUCKS,Food,231.59,0
synthetic-user-2,2025-05-17,NETFLIX SUBSCRIPTION,NETFLIX SUBSCRIPTION,Subscription,645.85,0
synthetic-user-2,2025-05-19,DMART,DMART,Groceries,2014.55,0
synthetic-user-2,2025-05-20,DMART,DMART,Groceries,2168.2,0
synthetic-user-2,2025-05-20,SALARY CREDIT,SALARY CREDIT,Salary,52762.47,0
synthetic-user-2,2025-05-23,MYNTRA,MYNTRA,Shopping,1565.08,0
synthetic-user-2,2025-05-25,STARBUCKS,STARBUCKS,Food,198.03,0
synthetic-user-2,2025-05-27,NETFLIX SUBSCRIPTION,NETFLIX SUBSCRIPTION,Subscription,675.69,0
synthetic-user-2,2025-05-27,HOUSE RENT NEFT,HOUSE RENT NEFT,Rent,17098.23,0
synthetic-user-2,2025-05-29,STARBUCKS,STARBUCKS,Food,258.42,0
synthetic-user-2,2025-06-01,APOLLO PHARMACY,APOLLO PHARMACY,Healthcare,556.08,0
synthetic-user-2,2025-06-01,OLA CABS,OLA CABS,Transportation,167.45,0
synthetic-user-2,2025-06-03,ZERODHA,ZERODHA,Investment,5156.38,0
synthetic-user-2,2025-06-03,MYNTRA,MYNTRA,Shopping,1565.31,0
synthetic-user-2,2025-06-03,UBER,UBER,Transportation,245.63,0
synthetic-user-2,2025-06-06,UBER,UBER,Transportation,211.45,0
synthetic-user-2,2025-06-08,FLIPKART,FLIPKART,Shopping,803.24,0
synthetic-user-2,2025-06-08,MYNTRA,MYNTRA,Shopping,1752.35,0
synthetic-user-2,2025-06-08,APOLLO PHARMACY,APOLLO PHARMACY,Healthcare,425.99,0
synthetic-user-2,2025-06-09,DMART,DMART,Groceries,1779.12,0
synthetic-user-2,2025-06-11,AIRTEL POSTPAID,AIRTEL POSTPAID,Utilities,696.3,0
synthetic-user-2,2025-06-11,AIRTEL POSTPAID,AIRTEL POSTPAID,Utilities,701.25,0
synthetic-user-2,2025-06-13,ZERODHA,ZERODHA,Investment,5930.32,0
synthetic-user-2,2025-06-15,UNKNOWN ELECTRONICS STORE,UNKNOWN ELECTRONICS STORE,Shopping,30377.96,1
synthetic-user-2,2025-06-18,DMART,DMART,Groceries,2247.65,0
synthetic-user-2,2025-06-19,BIGBASKET,BIGBASKET,Groceries,1220.02,0
synthetic-user-2,2025-06-19,DMART,DMART,Groceries,1981.95,0
synthetic-user-2,2025-06-22,UBER,UBER,Transportation,225.2,0
synthetic-user-2,2025-06-23,ZOMATO,ZOMATO,Food,310.13,0
synthetic-user-2,2025-06-26,INDIAN OIL PETROL,INDIAN OIL PETROL,Transportation,1202.26,0
synthetic-user-2,2025-06-29,INDIAN OIL PETROL,INDIAN OIL PETROL,Transportation,960.87,0
synthetic-user-2,2025-07-01,SALARY CREDIT,SALARY CREDIT,Salary,70273.13,0
synthetic-user-2,2025-07-04,FLIPKART,FLIPKART,Shopping,944.1,0
synthetic-user-2,2025-07-07,ELECTRICITY BILL PAYMENT,ELECTRICITY BILL PAYMENT,Bills,2794.47,0
synthetic-user-2,2025-07-08,ZOMATO,ZOMATO,Food,376.74,0
synthetic-user-2,2025-07-11,APOLLO PHARMACY,APOLLO PHARMACY,Healthcare,547.47,0
synthetic-user-2,2025-07-11,UBER,UBER,Transportation,181.02,0
synthetic-user-2,2025-07-13,ZERODHA,ZERODHA,Investment,5483.65,0
synthetic-user-2,2025-07-14,NETFLIX SUBSCRIPTION,NETFLIX SUBSCRIPTION,Subscription,732.45,0
synthetic-user-2,2025-07-14,AIRTEL POSTPAID,AIRTEL POSTPAID,Utilities,533.11,0
synthetic-user-2,2025-07-14,SWIGGY,SWIGGY,Food,349.51,0
synthetic-user-2,2025-07-16,MYNTRA,MYNTRA,Shopping,1531.47,0
synthetic-user-2,2025-07-18,SALARY CREDIT,SALARY CREDIT,Salary,59873.1,0
synthetic-user-2,2025-07-19,SALARY CREDIT,SALARY CREDIT,Salary,64051.21,0
synthetic-user-2,2025-07-19,UNKNOWN ELECTRONICS STORE,UNKNOWN ELECTRONICS STORE,Shopping,39696.19,1
synthetic-user-2,2025-07-22,FLIPKART,FLIPKART,Shopping,1004.88,0
synthetic-user-2,2025-07-23,ZOMATO,ZOMATO,Food,406.22,0
synthetic-user-2,2025-07-26,SALARY CREDIT,SALARY CREDIT,Salary,78880.51,0
synthetic-user-2,2025-07-26,INDIAN OIL PETROL,INDIAN OIL PETROL,Transportation,975.56,0
synthetic-user-2,2025-07-26,INDIAN OIL PETROL,INDIAN OIL PETROL,Transportation,877.95,0
synthetic-user-2,2025-07-29,STARBUCKS,STARBUCKS,Food,214.92,0
synthetic-user-2,2025-07-29,SALARY CREDIT,SALARY CREDIT,Salary,63644.28,0
synthetic-user-3,2025-01-05,AMAZON,AMAZON,Shopping,1197.15,0
synthetic-user-3,2025-01-05,BIGBASKET,BIGBASKET,Groceries,1288.54,0
synthetic-user-3,2025-01-07,NETFLIX SUBSCRIPTION,NETFLIX SUBSCRIPTION,Subscription,477.99,0
synthetic-user-3,2025-01-08,HOUSE RENT NEFT,HOUSE RENT NEFT,Rent,13824.37,0
synthetic-user-3,2025-01-11,DMART,DMART,Groceries,2478.82,0
synthetic-user-3,2025-01-14,UNKNOWN ELECTRONICS STORE,UNKNOWN ELECTRONICS STORE,Shopping,54860.57,1
synthetic-user-3,2025-01-16,ZERODHA,ZERODHA,Investment,5501.14,0
synthetic-user-3,2025-01-19,APOLLO PHARMACY,APOLLO PHARMACY,Healthcare,431.82,0
synthetic-user-3,2025-01-20,ZOMATO,ZOMATO,Food,402.73,0
synthetic-user-3,2025-01-22,NETFLIX SUBSCRIPTION,NETFLIX SUBSCRIPTION,Subscription,558.22,0
synthetic-user-3,2025-01-25,AIRTEL POSTPAID,AIRTEL POSTPAID,Utilities,634.04,0
synthetic-user-3,2025-01-27,SALARY CREDIT,SALARY CREDIT,Salary,61678.49,0
synthetic-user-3,2025-01-29,ELECTRICITY BILL PAYMENT,ELECTRICITY BILL PAYMENT,Bills,1904.91,0
synthetic-user-3,2025-01-29,UBER,UBER,Transportation,174.66,0
synthetic-user-3,2025-01-29,FLIPKART,FLIPKART,Shopping,962.78,0
synthetic-user-3,2025-01-31,ELECTRICITY BILL PAYMENT,ELECTRICITY BILL PAYMENT,Bills,2378.8,0
synthetic-user-3,2025-02-03,NETFLIX SUBSCRIPTION,NETFLIX SUBSCRIPTION,Subscription,740.33,0
synthetic-user-3,2025-02-06,ZOMATO,ZOMATO,Food,476.15,0
synthetic-user-3,2025-02-08,UBER,UBER,Transportation,219.41,0
synthetic-user-3,2025-02-08,HOUSE RENT NEFT,HOUSE RENT NEFT,Rent,15819.48,0
synthetic-user-3,2025-02-10,ZOMATO,ZOMATO,Food,404.86,0
synthetic-user-3,2025-02-11,NETFLIX SUBSCRIPTION,NETFLIX SUBSCRIPTION,Subscription,534.39,0
synthetic-user-3,2025-02-12,AIRTEL POSTPAID,AIRTEL POSTPAID,Utilities,708.83,0
synthetic-user-3,2025-02-14,INDIAN OIL PETROL,INDIAN OIL PETROL,Transportation,1033.32,0
synthetic-user-3,2025-02-15,AIRTEL POSTPAID,AIRTEL POSTPAID,Utilities,593.94,0
synthetic-user-3,2025-02-15,AMAZON,AMAZON,Shopping,1164.37,0
synthetic-user-3,2025-02-17,SALARY CREDIT,SALARY CREDIT,Salary,58504.2,0
synthetic-user-3,2025-02-18,STARBUCKS,STARBUCKS,Food,173.37,0
synthetic-user-3,2025-02-21,MYNTRA,MYNTRA,Shopping,1642.89,0
synthetic-user-3,2025-02-23,APOLLO PHARMACY,APOLLO PHARMACY,Healthcare,312.75,0
synthetic-user-3,2025-02-24,UBER,UBER,Transportation,183.45,0
synthetic-user-3,2025-02-26,BIGBASKET,BIGBASKET,Groceries,1897.03,0
synthetic-user-3,2025-02-27,SWIGGY,SWIGGY,Food,341.32,0
synthetic-user-3,2025-03-01,NETFLIX SUBSCRIPTION,NETFLIX SUBSCRIPTION,Subscription,376.88,0
synthetic-user-3,2025-03-02,STARBUCKS,STARBUCKS,Food,271.77,0
synthetic-user-3,2025-03-02,SALARY CREDIT,SALARY CREDIT,Salary,48521.83,0
synthetic-user-3,2025-03-02,MYNTRA,MYNTRA,Shopping,1438.07,0
synthetic-user-3,2025-03-02,ZERODHA,ZERODHA,Investment,4139.24,0
synthetic-user-3,2025-03-03,DMART,DMART,Groceries,2509.97,0
synthetic-user-3,2025-03-06,ZOMATO,ZOMATO,Food,435.48,0
synthetic-user-3,2025-03-08,MYNTRA,MYNTRA,Shopping,1262.91,0
synthetic-user-3,2025-03-09,ZERODHA,ZERODHA,Investment,6145.77,0
synthetic-user-3,2025-03-11,APOLLO PHARMACY,APOLLO PHARMACY,Healthcare,369.94,0
synthetic-user-3,2025-03-13,FLIPKART,FLIPKART,Shopping,950.01,0
synthetic-user-3,2025-03-14,DMART,DMART,Groceries,1912.49,0
synthetic-user-3,2025-03-15,MYNTRA,MYNTRA,Shopping,1659.13,0
synthetic-user-3,2025-03-15,AMAZON,AMAZON,Shopping,1006.28,0
synthetic-user-3,2025-03-16,ELECTRICITY BILL PAYMENT,ELECTRICITY BILL PAYMENT,Bills,2139.68,0
synthetic-user-3,2025-03-18,FLIPKART,FLIPKART,Shopping,974.86,0
synthetic-user-3,2025-03-21,AIRTEL POSTPAID,AIRTEL POSTPAID,Utilities,588.73,0
synthetic-user-3,2025-03-21,ELECTRICITY BILL PAYMENT,ELECTRICITY BILL PAYMENT,Bills,2322.8,0
synthetic-user-3,2025-03-24,MYNTRA,MYNTRA,Shopping,1347.33,0
synthetic-user-3,2025-03-26,NETFLIX SUBSCRIPTION,NETFLIX SUBSCRIPTION,Subscription,596.65,0
synthetic-user-3,2025-03-29,NETFLIX SUBSCRIPTION,NETFLIX SUBSCRIPTION,Subscription,603.08,0
synthetic-user-3,2025-03-30,AMAZON,AMAZON,Shopping,1191.98,0
synthetic-user-3,2025-04-02,BIGBASKET,BIGBASKET,Groceries,2015.37,0
synthetic-user-3,2025-04-05,UBER,UBER,Transportation,222.62,0
synthetic-user-3,2025-04-07,MYNTRA,MYNTRA,Shopping,1548.93,0
synthetic-user-3,2025-04-10,FLIPKART,FLIPKART,Shopping,1082.14,0
synthetic-user-3,2025-04-13,ZERODHA,ZERODHA,Investment,43716.92,1
synthetic-user-3,2025-04-14,NETFLIX SUBSCRIPTION,NETFLIX SUBSCRIPTION,Subscription,724.46,0
synthetic-user-3,2025-04-17,SWIGGY,SWIGGY,Food,362.85,0
synthetic-user-3,2025-04-17,AMAZON,AMAZON,Shopping,1156.92,0
synthetic-user-3,2025-04-19,ZOMATO,ZOMATO,Food,299.08,0
synthetic-user-3,2025-04-20,FLIPKART,FLIPKART,Shopping,1159.07,0
synthetic-user-3,2025-04-22,BIGBASKET,BIGBASKET,Groceries,1618.81,0
synthetic-user-3,2025-04-23,AIRTEL POSTPAID,AIRTEL POSTPAID,Utilities,414.24,0
synthetic-user-3,2025-04-25,OLA CABS,OLA CABS,Transportation,236.79,0
synthetic-user-3,2025-04-28,ZOMATO,ZOMATO,Food,492.06,0
synthetic-user-3,2025-05-01,DMART,DMART,Groceries,2114.84,0
synthetic-user-3,2025-05-02,MYNTRA,MYNTRA,Shopping,1859.23,0
synthetic-user-3,2025-05-04,ZERODHA,ZERODHA,Investment,6954.09,0
synthetic-user-3,2025-05-07,FLIPKART,FLIPKART,Shopping,972.86,0
synthetic-user-3,2025-05-09,ELECTRICITY BILL PAYMENT,ELECTRICITY BILL PAYMENT,Bills,2209.5,0
synthetic-user-3,2025-05-11,SWIGGY,SWIGGY,Food,316.17,0
synthetic-user-3,2025-05-12,SALARY CREDIT,SALARY CREDIT,Salary,60618.8,0
synthetic-user-3,2025-05-13,AIRTEL POSTPAID,AIRTEL POSTPAID,Utilities,680.33,0
synthetic-user-3,2025-05-13,BIGBASKET,BIGBASKET,Groceries,1772.24,0
synthetic-user-3,2025-05-14,UNKNOWN ELECTRONICS STORE,UNKNOWN ELECTRONICS STORE,Shopping,33583.2,1
synthetic-user-3,2025-05-15,SALARY CREDIT,SALARY CREDIT,Salary,76093.98,0
synthetic-user-3,2025-05-15,ZERODHA,ZERODHA,Investment,4122.89,0
synthetic-user-3,2025-05-16,SALARY CREDIT,SALARY CREDIT,Salary,56647.36,0
synthetic-user-3,2025-05-17,APOLLO PHARMACY,APOLLO PHARMACY,Healthcare,440.66,0
synthetic-user-3,2025-05-19,AMAZON,AMAZON,Shopping,1109.4,0
synthetic-user-3,2025-05-20,FLIPKART,FLIPKART,Shopping,937.48,0
synthetic-user-3,2025-05-21,FLIPKART,FLIPKART,Shopping,1031.09,0
synthetic-user-3,2025-05-24,NETFLIX SUBSCRIPTION,NETFLIX SUBSCRIPTION,Subscription,498.25,0
synthetic-user-3,2025-05-26,APOLLO PHARMACY,APOLLO PHARMACY,Healthcare,312.47,0
synthetic-user-3,2025-05-28,DMART,DMART,Groceries,2576.2,0
synthetic-user-3,2025-05-30,STARBUCKS,STARBUCKS,Food,226.93,0
synthetic-user-3,2025-06-01,OLA CABS,OLA CABS,Transportation,203.99,0
synthetic-user-3,2025-06-02,AMAZON,AMAZON,Shopping,1453.6,0
synthetic-user-3,2025-06-03,INDIAN OIL PETROL,INDIAN OIL PETROL,Transportation,905.42,0
synthetic-user-3,2025-06-04,ZERODHA,ZERODHA,Investment,5083.15,0
synthetic-user-3,2025-06-04,SALARY CREDIT,SALARY CREDIT,Salary,72016.07,0
synthetic-user-3,2025-06-04,DMART,DMART,Groceries,2379.1,0
synthetic-user-3,2025-06-05,SALARY CREDIT,SALARY CREDIT,Salary,65401.26,0
synthetic-user-3,2025-06-08,FLIPKART,FLIPKART,Shopping,906.54,0
synthetic-user-3,2025-06-08,INDIAN OIL PETROL,INDIAN OIL PETROL,Transportation,1194.89,0
synthetic-user-3,2025-06-08,UBER,UBER,Transportation,150.25,0
synthetic-user-3,2025-06-08,AIRTEL POSTPAID,AIRTEL POSTPAID,Utilities,683.52,0
synthetic-user-3,2025-06-11,FLIPKART,FLIPKART,Shopping,1014.63,0
synthetic-user-3,2025-06-11,MYNTRA,MYNTRA,Shopping,1478.53,0
synthetic-user-3,2025-06-13,APOLLO PHARMACY,APOLLO PHARMACY,Healthcare,310.04,0
synthetic-user-3,2025-06-14,HOUSE RENT NEFT,HOUSE RENT NEFT,Rent,14281.56,0
synthetic-user-3,2025-06-16,BIGBASKET,BIGBASKET,Groceries,1322.94,0
synthetic-user-3,2025-06-18,SWIGGY,SWIGGY,Food,424.39,0
synthetic-user-3,2025-06-20,OLA CABS,OLA CABS,Transportation,203.99,0
synthetic-user-3,2025-06-23,ZERODHA,ZERODHA,Investment,6318.04,0
synthetic-user-3,2025-06-25,BIGBASKET,BIGBASKET,Groceries,1549.35,0
synthetic-user-3,2025-06-27,SWIGGY,SWIGGY,Food,376.51,0
synthetic-user-3,2025-06-29,HOUSE RENT NEFT,HOUSE RENT NEFT,Rent,15131.8,0
synthetic-user-3,2025-07-01,SWIGGY,SWIGGY,Food,219.74,0
synthetic-user-3,2025-07-03,INDIAN OIL PETROL,INDIAN OIL PETROL,Transportation,1069.59,0
synthetic-user-3,2025-07-05,ZERODHA,ZERODHA,Investment,5143.15,0
synthetic-user-3,2025-07-07,FLIPKART,FLIPKART,Shopping,928.66,0
synthetic-user-3,2025-07-08,HOUSE RENT NEFT,HOUSE RENT NEFT,Rent,16175.39,0
synthetic-user-3,2025-07-10,APOLLO PHARMACY,APOLLO PHARMACY,Healthcare,546.97,0
synthetic-user-3,2025-07-11,STARBUCKS,STARBUCKS,Food,217.13,0
synthetic-user-3,2025-07-14,NETFLIX SUBSCRIPTION,NETFLIX SUBSCRIPTION,Subscription,759.66,0
synthetic-user-4,2025-01-03,DMART,DMART,Groceries,2182.21,0
synthetic-user-4,2025-01-04,ZERODHA,ZERODHA,Investment,3942.13,0
synthetic-user-4,2025-01-07,ZERODHA,ZERODHA,Investment,5404.75,0
synthetic-user-4,2025-01-10,HOUSE RENT NEFT,HOUSE RENT NEFT,Rent,16575.13,0
synthetic-user-4,2025-01-10,FLIPKART,FLIPKART,Shopping,1114.6,0
synthetic-user-4,2025-01-10,SWIGGY,SWIGGY,Food,348.18,0
synthetic-user-4,2025-01-10,STARBUCKS,STARBUCKS,Food,200.74,0
synthetic-user-4,2025-01-10,STARBUCKS,STARBUCKS,Food,292.23,0
synthetic-user-4,2025-01-12,DMART,DMART,Groceries,1970.5,0
synthetic-user-4,2025-01-15,AIRTEL POSTPAID,AIRTEL POSTPAID,Utilities,408.87,0
synthetic-user-4,2025-01-18,APOLLO PHARMACY,APOLLO PHARMACY,Healthcare,497.87,0
synthetic-user-4,2025-01-19,NETFLIX SUBSCRIPTION,NETFLIX SUBSCRIPTION,Subscription,873.86,0
synthetic-user-4,2025-01-22,INDIAN OIL PETROL,INDIAN OIL PETROL,Transportation,1319.8,0
synthetic-user-4,2025-01-22,FLIPKART,FLIPKART,Shopping,767.39,0
synthetic-user-4,2025-01-25,INDIAN OIL PETROL,INDIAN OIL PETROL,Transportation,1055.07,0
synthetic-user-4,2025-01-26,DMART,DMART,Groceries,1886.67,0
synthetic-user-4,2025-01-26,SWIGGY,SWIGGY,Food,2605.4,1
synthetic-user-4,2025-01-26,ZOMATO,ZOMATO,Food,539.42,0
synthetic-user-4,2025-01-29,ZOMATO,ZOMATO,Food,400.6,0
synthetic-user-4,2025-02-01,OLA CABS,OLA CABS,Transportation,188.12,0
synthetic-user-4,2025-02-01,FLIPKART,FLIPKART,Shopping,1033.2,0
synthetic-user-4,2025-02-03,MYNTRA,MYNTRA,Shopping,1998.79,0
synthetic-user-4,2025-02-04,DMART,DMART,Groceries,2362.65,0
synthetic-user-4,2025-02-07,ZOMATO,ZOMATO,Food,393.46,0
synthetic-user-4,2025-02-08,ELECTRICITY BILL PAYMENT,ELECTRICITY BILL PAYMENT,Bills,2103.97,0
synthetic-user-4,2025-02-10,AIRTEL POSTPAID,AIRTEL POSTPAID,Utilities,589.43,0
synthetic-user-4,2025-02-12,ELECTRICITY BILL PAYMENT,ELECTRICITY BILL PAYMENT,Bills,2389.8,0
synthetic-user-4,2025-02-15,INDIAN OIL PETROL,INDIAN OIL PETROL,Transportation,1117.53,0
synthetic-user-4,2025-02-17,DMART,DMART,Groceries,2228.55,0
synthetic-user-4,2025-02-20,APOLLO PHARMACY,APOLLO PHARMACY,Healthcare,309.32,0
synthetic-user-4,2025-02-21,AMAZON,AMAZON,Shopping,1275.04,0
synthetic-user-4,2025-02-24,STARBUCKS,STARBUCKS,Food,301.79,0
synthetic-user-4,2025-02-25,AIRTEL POSTPAID,AIRTEL POSTPAID,Utilities,542.65,0
synthetic-user-4,2025-02-25,APOLLO PHARMACY,APOLLO PHARMACY,Healthcare,368.61,0
synthetic-user-4,2025-02-26,MYNTRA,MYNTRA,Shopping,1338.42,0
synthetic-user-4,2025-02-27,BIGBASKET,BIGBASKET,Groceries,1965.37,0
synthetic-user-4,2025-03-02,OLA CABS,OLA CABS,Transportation,164.1,0
synthetic-user-4,2025-03-04,AIRTEL POSTPAID,AIRTEL POSTPAID,Utilities,639.19,0
synthetic-user-4,2025-03-07,NETFLIX SUBSCRIPTION,NETFLIX SUBSCRIPTION,Subscription,616.01,0
synthetic-user-4,2025-03-10,SALARY CREDIT,SALARY CREDIT,Salary,73592.41,0
synthetic-user-4,2025-03-12,NETFLIX SUBSCRIPTION,NETFLIX SUBSCRIPTION,Subscription,637.53,0
synthetic-user-4,2025-03-13,SWIGGY,SWIGGY,Food,364.82,0
synthetic-user-4,2025-03-15,ELECTRICITY BILL PAYMENT,ELECTRICITY BILL PAYMENT,Bills,2138.9,0
synthetic-user-4,2025-03-16,INDIAN OIL PETROL,INDIAN OIL PETROL,Transportation,1095.17,0
synthetic-user-4,2025-03-19,MYNTRA,MYNTRA,Shopping,1480.78,0
synthetic-user-4,2025-03-22,NETFLIX SUBSCRIPTION,NETFLIX SUBSCRIPTION,Subscription,829.56,0
synthetic-user-4,2025-03-23,APOLLO PHARMACY,APOLLO PHARMACY,Healthcare,299.84,0
synthetic-user-4,2025-03-23,STARBUCKS,STARBUCKS,Food,256.14,0
synthetic-user-4,2025-03-23,ELECTRICITY BILL PAYMENT,ELECTRICITY BILL PAYMENT,Bills,2502.53,0
synthetic-user-4,2025-03-23,SWIGGY,SWIGGY,Food,406.35,0
synthetic-user-4,2025-03-24,NETFLIX SUBSCRIPTION,NETFLIX SUBSCRIPTION,Subscription,777.84,0
synthetic-user-4,2025-03-27,SWIGGY,SWIGGY,Food,377.74,0
synthetic-user-4,2025-03-27,ELECTRICITY BILL PAYMENT,ELECTRICITY BILL PAYMENT,Bills,2604.06,0
synthetic-user-4,2025-03-29,FLIPKART,FLIPKART,Shopping,1013.7,0
synthetic-user-4,2025-03-29,ELECTRICITY BILL PAYMENT,ELECTRICITY BILL PAYMENT,Bills,2450.17,0
synthetic-user-4,2025-03-29,ZERODHA,ZERODHA,Investment,3456.36,0
synthetic-user-4,2025-03-30,ZERODHA,ZERODHA,Investment,4989.34,0
synthetic-user-4,2025-04-02,AIRTEL POSTPAID,AIRTEL POSTPAID,Utilities,683.05,0
synthetic-user-4,2025-04-05,INDIAN OIL PETROL,INDIAN OIL PETROL,Transportation,913.06,0
synthetic-user-4,2025-04-05,ZOMATO,ZOMATO,Food,507.08,0
synthetic-user-4,2025-04-05,AIRTEL POSTPAID,AIRTEL POSTPAID,Utilities,570.12,0
synthetic-user-4,2025-04-05,STARBUCKS,STARBUCKS,Food,245.86,0
synthetic-user-4,2025-04-08,MYNTRA,MYNTRA,Shopping,1092.99,0
synthetic-user-4,2025-04-08,ZOMATO,ZOMATO,Food,352.34,0
synthetic-user-4,2025-04-09,SALARY CREDIT,SALARY CREDIT,Salary,62073.53,0
synthetic-user-4,2025-04-11,ZOMATO,ZOMATO,Food,535.08,0
synthetic-user-4,2025-04-12,MYNTRA,MYNTRA,Shopping,1652.57,0
synthetic-user-4,2025-04-13,AIRTEL POSTPAID,AIRTEL POSTPAID,Utilities,605.01,0
synthetic-user-4,2025-04-13,INDIAN OIL PETROL,INDIAN OIL PETROL,Transportation,733.36,0
synthetic-user-4,2025-04-15,DMART,DMART,Groceries,1762.45,0
synthetic-user-4,2025-04-15,NETFLIX SUBSCRIPTION,NETFLIX SUBSCRIPTION,Subscription,747.48,0
synthetic-user-4,2025-04-15,AIRTEL POSTPAID,AIRTEL POSTPAID,Utilities,630.88,0
synthetic-user-4,2025-04-17,LUXURY WATCH BOUTIQUE,LUXURY WATCH BOUTIQUE,Shopping,37077.16,1
synthetic-user-4,2025-04-19,AIRTEL POSTPAID,AIRTEL POSTPAID,Utilities,475.66,0
synthetic-user-4,2025-04-22,FLIPKART,FLIPKART,Shopping,1093.99,0
synthetic-user-4,2025-04-23,STARBUCKS,STARBUCKS,Food,245.87,0
synthetic-user-4,2025-04-24,MYNTRA,MYNTRA,Shopping,1718.6,0
synthetic-user-4,2025-04-26,SWIGGY,SWIGGY,Food,403.33,0
synthetic-user-4,2025-04-28,STARBUCKS,STARBUCKS,Food,235.73,0
synthetic-user-4,2025-04-29,APOLLO PHARMACY,APOLLO PHARMACY,Healthcare,384.93,0
synthetic-user-4,2025-04-29,APOLLO PHARMACY,APOLLO PHARMACY,Healthcare,426.69,0
synthetic-user-4,2025-04-29,MYNTRA,MYNTRA,Shopping,1523.23,0
synthetic-user-4,2025-05-02,STARBUCKS,STARBUCKS,Food,245.54,0
synthetic-user-4,2025-05-03,UBER,UBER,Transportation,192.77,0
synthetic-user-4,2025-05-05,SALARY CREDIT,SALARY CREDIT,Salary,59541.68,0
synthetic-user-4,2025-05-06,ELECTRICITY BILL PAYMENT,ELECTRICITY BILL PAYMENT,Bills,2154.76,0
synthetic-user-4,2025-05-06,INDIAN OIL PETROL,INDIAN OIL PETROL,Transportation,1124.95,0
synthetic-user-4,2025-05-09,OLA CABS,OLA CABS,Transportation,165.94,0
synthetic-user-4,2025-05-09,MYNTRA,MYNTRA,Shopping,1531.77,0
synthetic-user-4,2025-05-12,MYNTRA,MYNTRA,Shopping,1277.85,0
synthetic-user-4,2025-05-13,OLA CABS,OLA CABS,Transportation,190.51,0
synthetic-user-4,2025-05-16,AIRTEL POSTPAID,AIRTEL POSTPAID,Utilities,672.15,0
synthetic-user-4,2025-05-19,INDIAN OIL PETROL,INDIAN OIL PETROL,Transportation,975.69,0
synthetic-user-4,2025-05-21,AIRTEL POSTPAID,AIRTEL POSTPAID,Utilities,461.18,0
synthetic-user-4,2025-05-22,APOLLO PHARMACY,APOLLO PHARMACY,Healthcare,567.41,0
synthetic-user-4,2025-05-23,APOLLO PHARMACY,APOLLO PHARMACY,Healthcare,557.25,0
synthetic-user-4,2025-05-24,FLIPKART,FLIPKART,Shopping,1040.7,0
synthetic-user-4,2025-05-24,ELECTRICITY BILL PAYMENT,ELECTRICITY BILL PAYMENT,Bills,2115.94,0
synthetic-user-4,2025-05-26,DMART,DMART,Groceries,1854.62,0
synthetic-user-4,2025-05-29,STARBUCKS,STARBUCKS,Food,201.95,0
synthetic-user-4,2025-06-01,ELECTRICITY BILL PAYMENT,ELECTRICITY BILL PAYMENT,Bills,2340.14,0
synthetic-user-4,2025-06-01,NETFLIX SUBSCRIPTION,NETFLIX SUBSCRIPTION,Subscription,595.72,0
synthetic-user-4,2025-06-01,INDIAN OIL PETROL,INDIAN OIL PETROL,Transportation,738.2,0
synthetic-user-4,2025-06-03,ZOMATO,ZOMATO,Food,320.37,0
synthetic-user-4,2025-06-06,MYNTRA,MYNTRA,Shopping,1374.72,0
synthetic-user-4,2025-06-09,BIGBASKET,BIGBASKET,Groceries,1485.24,0
synthetic-user-4,2025-06-10,AIRTEL POSTPAID,AIRTEL POSTPAID,Utilities,706.26,0
synthetic-user-4,2025-06-13,ZERODHA,ZERODHA,Investment,6526.84,0
synthetic-user-4,2025-06-16,ELECTRICITY BILL PAYMENT,ELECTRICITY BILL PAYMENT,Bills,3133.83,0
synthetic-user-4,2025-06-16,DMART,DMART,Groceries,1840.7,0
synthetic-user-4,2025-06-17,NETFLIX SUBSCRIPTION,NETFLIX SUBSCRIPTION,Subscription,721.74,0
synthetic-user-4,2025-06-20,HOUSE RENT NEFT,HOUSE RENT NEFT,Rent,14202.25,0
synthetic-user-4,2025-06-20,UNKNOWN ELECTRONICS STORE,UNKNOWN ELECTRONICS STORE,Shopping,45471.27,1
synthetic-user-4,2025-06-21,INDIAN OIL PETROL,INDIAN OIL PETROL,Transportation,1115.06,0
synthetic-user-4,2025-06-22,MYNTRA,MYNTRA,Shopping,972.12,0
synthetic-user-4,2025-06-23,UBER,UBER,Transportation,172.21,0
synthetic-user-4,2025-06-24,ELECTRICITY BILL PAYMENT,ELECTRICITY BILL PAYMENT,Bills,1772.39,0
synthetic-user-4,2025-06-25,ELECTRICITY BILL PAYMENT,ELECTRICITY BILL PAYMENT,Bills,2529.19,0
synthetic-user-4,2025-06-28,LUXURY WATCH BOUTIQUE,LUXURY WATCH BOUTIQUE,Shopping,48854.65,1
synthetic-user-4,2025-06-28,APOLLO PHARMACY,APOLLO PHARMACY,Healthcare,473.13,0
synthetic-user-5,2025-01-15,SALARY CREDIT,SALARY CREDIT,Salary,72990.0,0
synthetic-user-5,2025-01-17,AIRTEL POSTPAID,AIRTEL POSTPAID,Utilities,528.02,0
synthetic-user-5,2025-01-20,FLIPKART,FLIPKART,Shopping,927.89,0
synthetic-user-5,2025-01-20,MYNTRA,MYNTRA,Shopping,1641.77,0
synthetic-user-5,2025-01-21,DMART,DMART,Groceries,2172.79,0
synthetic-user-5,2025-01-24,DMART,DMART,Groceries,1719.48,0
synthetic-user-5,2025-01-27,UBER,UBER,Transportation,185.75,0
synthetic-user-5,2025-01-28,DMART,DMART,Groceries,2221.88,0
synthetic-user-5,2025-01-28,SWIGGY,SWIGGY,Food,443.08,0
synthetic-user-5,2025-01-31,AIRTEL POSTPAID,AIRTEL POSTPAID,Utilities,702.88,0
synthetic-user-5,2025-02-03,SALARY CREDIT,SALARY CREDIT,Salary,62393.09,0
synthetic-user-5,2025-02-06,HOUSE RENT NEFT,HOUSE RENT NEFT,Rent,14067.65,0
synthetic-user-5,2025-02-06,INDIAN OIL PETROL,INDIAN OIL PETROL,Transportation,1004.42,0
synthetic-user-5,2025-02-08,LUXURY WATCH BOUTIQUE,LUXURY WATCH BOUTIQUE,Shopping,22569.4,1
synthetic-user-5,2025-02-11,SALARY CREDIT,SALARY CREDIT,Salary,60451.94,0
synthetic-user-5,2025-02-11,APOLLO PHARMACY,APOLLO PHARMACY,Healthcare,439.83,0
synthetic-user-5,2025-02-13,ZOMATO,ZOMATO,Food,404.07,0
synthetic-user-5,2025-02-14,BIGBASKET,BIGBASKET,Groceries,1257.68,0
synthetic-user-5,2025-02-15,ZOMATO,ZOMATO,Food,347.2,0
synthetic-user-5,2025-02-15,BIGBASKET,BIGBASKET,Groceries,1564.71,0
synthetic-user-5,2025-02-16,NETFLIX SUBSCRIPTION,NETFLIX SUBSCRIPTION,Subscription,734.86,0
synthetic-user-5,2025-02-19,DMART,DMART,Groceries,1684.41,0
synthetic-user-5,2025-02-20,ZOMATO,ZOMATO,Food,333.09,0
synthetic-user-5,2025-02-21,FLIPKART,FLIPKART,Shopping,921.19,0
synthetic-user-5,2025-02-23,ZERODHA,ZERODHA,Investment,6126.41,0
synthetic-user-5,2025-02-23,ELECTRICITY BILL PAYMENT,ELECTRICITY BILL PAYMENT,Bills,2154.68,0
synthetic-user-5,2025-02-23,DMART,DMART,Groceries,1951.9,0
synthetic-user-5,2025-02-24,INDIAN OIL PETROL,INDIAN OIL PETROL,Transportation,923.66,0
synthetic-user-5,2025-02-27,AMAZON,AMAZON,Shopping,1078.76,0
synthetic-user-5,2025-02-27,STARBUCKS,STARBUCKS,Food,223.83,0
synthetic-user-5,2025-03-02,AMAZON,AMAZON,Shopping,1074.45,0
synthetic-user-5,2025-03-05,MYNTRA,MYNTRA,Shopping,1066.63,0
synthetic-user-5,2025-03-05,STARBUCKS,STARBUCKS,Food,245.04,0
synthetic-user-5,2025-03-07,APOLLO PHARMACY,APOLLO PHARMACY,Healthcare,375.78,0
synthetic-user-5,2025-03-10,ELECTRICITY BILL PAYMENT,ELECTRICITY BILL PAYMENT,Bills,2374.72,0
synthetic-user-5,2025-03-12,MYNTRA,MYNTRA,Shopping,1265.64,0
synthetic-user-5,2025-03-13,SALARY CREDIT,SALARY CREDIT,Salary,69925.18,0
synthetic-user-5,2025-03-13,HOUSE RENT NEFT,HOUSE RENT NEFT,Rent,10368.95,0
synthetic-user-5,2025-03-13,UBER,UBER,Transportation,198.97,0
synthetic-user-5,2025-03-16,DMART,DMART,Groceries,2003.98,0
synthetic-user-5,2025-03-18,AMAZON,AMAZON,Shopping,1341.75,0
synthetic-user-5,2025-03-18,UBER,UBER,Transportation,215.7,0
synthetic-user-5,2025-03-18,FLIPKART,FLIPKART,Shopping,962.18,0
synthetic-user-5,2025-03-21,BIGBASKET,BIGBASKET,Groceries,1126.79,0
synthetic-user-5,2025-03-21,STARBUCKS,STARBUCKS,Food,268.05,0
synthetic-user-5,2025-03-24,BIGBASKET,BIGBASKET,Groceries,17893.39,1
synthetic-user-5,2025-03-27,SALARY CREDIT,SALARY CREDIT,Salary,70170.29,0
synthetic-user-5,2025-03-27,STARBUCKS,STARBUCKS,Food,247.9,0
synthetic-user-5,2025-03-29,FLIPKART,FLIPKART,Shopping,930.78,0
synthetic-user-5,2025-03-30,DMART,DMART,Groceries,1715.91,0
synthetic-user-5,2025-03-30,SWIGGY,SWIGGY,Food,288.68,0
synthetic-user-5,2025-03-31,OLA CABS,OLA CABS,Transportation,169.27,0
synthetic-user-5,2025-04-03,HOUSE RENT NEFT,HOUSE RENT NEFT,Rent,14070.97,0
synthetic-user-5,2025-04-04,BIGBASKET,BIGBASKET,Groceries,1573.52,0
synthetic-user-5,2025-04-07,ELECTRICITY BILL PAYMENT,ELECTRICITY BILL PAYMENT,Bills,2330.37,0
synthetic-user-5,2025-04-09,INDIAN OIL PETROL,INDIAN OIL PETROL,Transportation,989.39,0
synthetic-user-5,2025-04-11,SWIGGY,SWIGGY,Food,371.71,0
synthetic-user-5,2025-04-13,ZERODHA,ZERODHA,Investment,5281.21,0
synthetic-user-5,2025-04-13,INDIAN OIL PETROL,INDIAN OIL PETROL,Transportation,1138.6,0
synthetic-user-5,2025-04-16,INDIAN OIL PETROL,INDIAN OIL PETROL,Transportation,798.62,0
synthetic-user-5,2025-04-16,MYNTRA,MYNTRA,Shopping,1500.79,0
synthetic-user-5,2025-04-17,ELECTRICITY BILL PAYMENT,ELECTRICITY BILL PAYMENT,Bills,1868.25,0
synthetic-user-5,2025-04-20,STARBUCKS,STARBUCKS,Food,292.54,0
synthetic-user-5,2025-04-20,SWIGGY,SWIGGY,Food,348.86,0
synthetic-user-5,2025-04-20,AIRTEL POSTPAID,AIRTEL POSTPAID,Utilities,624.54,0
synthetic-user-5,2025-04-22,ZERODHA,ZERODHA,Investment,5084.47,0
synthetic-user-5,2025-04-25,APOLLO PHARMACY,APOLLO PHARMACY,Healthcare,379.56,0
synthetic-user-5,2025-04-26,FLIPKART,FLIPKART,Shopping,1297.11,0
synthetic-user-5,2025-04-27,AIRTEL POSTPAID,AIRTEL POSTPAID,Utilities,695.42,0
synthetic-user-5,2025-04-27,ELECTRICITY BILL PAYMENT,ELECTRICITY BILL PAYMENT,Bills,2119.77,0
synthetic-user-5,2025-04-27,ELECTRICITY BILL PAYMENT,ELECTRICITY BILL PAYMENT,Bills,1566.21,0
synthetic-user-5,2025-04-27,ZOMATO,ZOMATO,Food,364.07,0
synthetic-user-5,2025-04-28,DMART,DMART,Groceries,2459.75,0
synthetic-user-5,2025-04-28,NETFLIX SUBSCRIPTION,NETFLIX SUBSCRIPTION,Subscription,480.6,0
synthetic-user-5,2025-04-30,DMART,DMART,Groceries,1924.46,0
synthetic-user-5,2025-05-02,BIGBASKET,BIGBASKET,Groceries,1507.37,0
synthetic-user-5,2025-05-05,STARBUCKS,STARBUCKS,Food,240.93,0
synthetic-user-5,2025-05-07,STARBUCKS,STARBUCKS,Food,205.17,0
synthetic-user-5,2025-05-07,UBER,UBER,Transportation,200.87,0
synthetic-user-5,2025-05-09,BIGBASKET,BIGBASKET,Groceries,1765.28,0
synthetic-user-5,2025-05-09,ZERODHA,ZERODHA,Investment,4307.56,0
synthetic-user-5,2025-05-09,SWIGGY,SWIGGY,Food,352.03,0
synthetic-user-5,2025-05-12,UBER,UBER,Transportation,233.87,0
synthetic-user-5,2025-05-12,ELECTRICITY BILL PAYMENT,ELECTRICITY BILL PAYMENT,Bills,2239.75,0
synthetic-user-5,2025-05-14,STARBUCKS,STARBUCKS,Food,277.97,0
synthetic-user-5,2025-05-16,ZOMATO,ZOMATO,Food,446.55,0
synthetic-user-5,2025-05-16,STARBUCKS,STARBUCKS,Food,311.17,0
synthetic-user-5,2025-05-19,FLIPKART,FLIPKART,Shopping,911.13,0
synthetic-user-5,2025-05-19,FLIPKART,FLIPKART,Shopping,1168.36,0
synthetic-user-5,2025-05-21,INDIAN OIL PETROL,INDIAN OIL PETROL,Transportation,804.37,0
synthetic-user-5,2025-05-24,OLA CABS,OLA CABS,Transportation,188.12,0
synthetic-user-5,2025-05-25,ELECTRICITY BILL PAYMENT,ELECTRICITY BILL PAYMENT,Bills,2607.5,0
synthetic-user-5,2025-05-25,SWIGGY,SWIGGY,Food,359.81,0
synthetic-user-5,2025-05-28,FLIPKART,FLIPKART,Shopping,1146.35,0
synthetic-user-5,2025-05-29,ZOMATO,ZOMATO,Food,444.79,0
synthetic-user-5,2025-05-30,STARBUCKS,STARBUCKS,Food,276.18,0
synthetic-user-5,2025-06-02,NETFLIX SUBSCRIPTION,NETFLIX SUBSCRIPTION,Subscription,668.24,0
synthetic-user-5,2025-06-05,STARBUCKS,STARBUCKS,Food,211.11,0
synthetic-user-5,2025-06-08,ZOMATO,ZOMATO,Food,365.4,0
synthetic-user-5,2025-06-11,DMART,DMART,Groceries,2019.37,0
synthetic-user-5,2025-06-13,AIRTEL POSTPAID,AIRTEL POSTPAID,Utilities,668.64,0
synthetic-user-5,2025-06-15,AMAZON,AMAZON,Shopping,1244.36,0
synthetic-user-5,2025-06-16,BIGBASKET,BIGBASKET,Groceries,2036.62,0
synthetic-user-5,2025-06-17,HOUSE RENT NEFT,HOUSE RENT NEFT,Rent,12753.69,0
synthetic-user-5,2025-06-19,OLA CABS,OLA CABS,Transportation,185.84,0
synthetic-user-5,2025-06-22,AMAZON,AMAZON,Shopping,1247.05,0
synthetic-user-5,2025-06-24,ZOMATO,ZOMATO,Food,379.11,0
synthetic-user-5,2025-06-25,MYNTRA,MYNTRA,Shopping,1711.44,0
synthetic-user-5,2025-06-27,ZOMATO,ZOMATO,Food,475.91,0
synthetic-user-5,2025-06-29,UBER,UBER,Transportation,229.96,0
synthetic-user-5,2025-07-02,APOLLO PHARMACY,APOLLO PHARMACY,Healthcare,463.33,0
synthetic-user-5,2025-07-03,BIGBASKET,BIGBASKET,Groceries,1541.02,0
synthetic-user-5,2025-07-03,INDIAN OIL PETROL,INDIAN OIL PETROL,Transportation,922.36,0
synthetic-user-5,2025-07-04,AIRTEL POSTPAID,AIRTEL POSTPAID,Utilities,510.94,0
synthetic-user-5,2025-07-04,AMAZON,AMAZON,Shopping,1382.64,0
synthetic-user-5,2025-07-04,FOREIGN CURRENCY EXCHANGE,FOREIGN CURRENCY EXCHANGE,Other,34954.41,1
synthetic-user-5,2025-07-05,MYNTRA,MYNTRA,Shopping,1885.84,0
synthetic-user-5,2025-07-05,ELECTRICITY BILL PAYMENT,ELECTRICITY BILL PAYMENT,Bills,2748.59,0
synthetic-user-5,2025-07-08,AIRTEL POSTPAID,AIRTEL POSTPAID,Utilities,576.45,0
synthetic-user-5,2025-07-09,AMAZON,AMAZON,Shopping,1098.74,0
synthetic-user-6,2025-01-12,ZOMATO,ZOMATO,Food,337.34,0
synthetic-user-6,2025-01-14,APOLLO PHARMACY,APOLLO PHARMACY,Healthcare,388.55,0
synthetic-user-6,2025-01-17,AMAZON,AMAZON,Shopping,1060.8,0
synthetic-user-6,2025-01-18,APOLLO PHARMACY,APOLLO PHARMACY,Healthcare,497.19,0
synthetic-user-6,2025-01-18,NETFLIX SUBSCRIPTION,NETFLIX SUBSCRIPTION,Subscription,480.61,0
synthetic-user-6,2025-01-20,ZERODHA,ZERODHA,Investment,5166.5,0
synthetic-user-6,2025-01-22,UBER,UBER,Transportation,239.91,0
synthetic-user-6,2025-01-22,AMAZON,AMAZON,Shopping,1239.57,0
synthetic-user-6,2025-01-22,SALARY CREDIT,SALARY CREDIT,Salary,48645.5,0
synthetic-user-6,2025-01-23,BIGBASKET,BIGBASKET,Groceries,1429.4,0
synthetic-user-6,2025-01-24,AMAZON,AMAZON,Shopping,888.5,0
synthetic-user-6,2025-01-24,INDIAN OIL PETROL,INDIAN OIL PETROL,Transportation,944.22,0
synthetic-user-6,2025-01-27,UBER,UBER,Transportation,218.0,0
synthetic-user-6,2025-01-29,SWIGGY,SWIGGY,Food,412.9,0
synthetic-user-6,2025-01-31,DMART,DMART,Groceries,1821.29,0
synthetic-user-6,2025-02-03,UBER,UBER,Transportation,192.52,0
synthetic-user-6,2025-02-06,FOREIGN CURRENCY EXCHANGE,FOREIGN CURRENCY EXCHANGE,Other,24846.4,1
synthetic-user-6,2025-02-09,OLA CABS,OLA CABS,Transportation,1950.96,1
synthetic-user-6,2025-02-11,MYNTRA,MYNTRA,Shopping,1618.41,0
synthetic-user-6,2025-02-12,ZERODHA,ZERODHA,Investment,5155.0,0
synthetic-user-6,2025-02-14,NETFLIX SUBSCRIPTION,NETFLIX SUBSCRIPTION,Subscription,608.59,0
synthetic-user-6,2025-02-14,MYNTRA,MYNTRA,Shopping,1181.97,0
synthetic-user-6,2025-02-15,ELECTRICITY BILL PAYMENT,ELECTRICITY BILL PAYMENT,Bills,2418.17,0
synthetic-user-6,2025-02-17,APOLLO PHARMACY,APOLLO PHARMACY,Healthcare,284.19,0
synthetic-user-6,2025-02-19,UBER,UBER,Transportation,164.75,0
synthetic-user-6,2025-02-21,SWIGGY,SWIGGY,Food,409.12,0
synthetic-user-6,2025-02-24,ZOMATO,ZOMATO,Food,421.74,0
synthetic-user-6,2025-02-25,BIGBASKET,BIGBASKET,Groceries,1679.27,0
synthetic-user-6,2025-02-28,STARBUCKS,STARBUCKS,Food,258.03,0
synthetic-user-6,2025-03-01,STARBUCKS,STARBUCKS,Food,356.27,0
synthetic-user-6,2025-03-03,AMAZON,AMAZON,Shopping,1269.34,0
synthetic-user-6,2025-03-05,BIGBASKET,BIGBASKET,Groceries,1834.83,0
synthetic-user-6,2025-03-05,HOUSE RENT NEFT,HOUSE RENT NEFT,Rent,14352.03,0
synthetic-user-6,2025-03-08,AIRTEL POSTPAID,AIRTEL POSTPAID,Utilities,363.48,0
synthetic-user-6,2025-03-10,BIGBASKET,BIGBASKET,Groceries,1688.52,0
synthetic-user-6,2025-03-11,STARBUCKS,STARBUCKS,Food,191.82,0
synthetic-user-6,2025-03-11,MYNTRA,MYNTRA,Shopping,1492.61,0
synthetic-user-6,2025-03-13,AIRTEL POSTPAID,AIRTEL POSTPAID,Utilities,641.16,0
synthetic-user-6,2025-03-14,APOLLO PHARMACY,APOLLO PHARMACY,Healthcare,624.22,0
synthetic-user-6,2025-03-16,SALARY CREDIT,SALARY CREDIT,Salary,55370.39,0
synthetic-user-6,2025-03-16,UBER,UBER,Transportation,174.99,0
synthetic-user-6,2025-03-16,OLA CABS,OLA CABS,Transportation,162.01,0
synthetic-user-6,2025-03-17,APOLLO PHARMACY,APOLLO PHARMACY,Healthcare,430.91,0
synthetic-user-6,2025-03-19,FLIPKART,FLIPKART,Shopping,761.01,0
synthetic-user-6,2025-03-20,AIRTEL POSTPAID,AIRTEL POSTPAID,Utilities,444.22,0
synthetic-user-6,2025-03-21,SWIGGY,SWIGGY,Food,306.21,0
synthetic-user-6,2025-03-24,SALARY CREDIT,SALARY CREDIT,Salary,65692.33,0
synthetic-user-6,2025-03-25,STARBUCKS,STARBUCKS,Food,258.14,0
synthetic-user-6,2025-03-28,FLIPKART,FLIPKART,Shopping,1036.8,0
synthetic-user-6,2025-03-30,APOLLO PHARMACY,APOLLO PHARMACY,Healthcare,375.65,0
synthetic-user-6,2025-04-02,AIRTEL POSTPAID,AIRTEL POSTPAID,Utilities,532.44,0
synthetic-user-6,2025-04-04,AMAZON,AMAZON,Shopping,1343.06,0
synthetic-user-6,2025-04-05,ZOMATO,ZOMATO,Food,453.93,0
synthetic-user-6,2025-04-05,NETFLIX SUBSCRIPTION,NETFLIX SUBSCRIPTION,Subscription,771.24,0
synthetic-user-6,2025-04-08,INDIAN OIL PETROL,INDIAN OIL PETROL,Transportation,728.59,0
synthetic-user-6,2025-04-11,SALARY CREDIT,SALARY CREDIT,Salary,58823.24,0
synthetic-user-6,2025-04-12,STARBUCKS,STARBUCKS,Food,191.93,0
synthetic-user-6,2025-04-12,ZERODHA,ZERODHA,Investment,5903.09,0
synthetic-user-6,2025-04-13,HOUSE RENT NEFT,HOUSE RENT NEFT,Rent,18022.63,0
synthetic-user-6,2025-04-14,DMART,DMART,Groceries,2765.57,0
synthetic-user-6,2025-04-14,ELECTRICITY BILL PAYMENT,ELECTRICITY BILL PAYMENT,Bills,2382.59,0
synthetic-user-6,2025-04-15,AMAZON,AMAZON,Shopping,1519.58,0
synthetic-user-6,2025-04-17,STARBUCKS,STARBUCKS,Food,290.84,0
synthetic-user-6,2025-04-19,ZERODHA,ZERODHA,Investment,5497.2,0
synthetic-user-6,2025-04-22,SWIGGY,SWIGGY,Food,366.69,0
synthetic-user-6,2025-04-25,DMART,DMART,Groceries,1591.93,0
synthetic-user-6,2025-04-26,BIGBASKET,BIGBASKET,Groceries,1757.78,0
synthetic-user-6,2025-04-26,APOLLO PHARMACY,APOLLO PHARMACY,Healthcare,410.55,0
synthetic-user-6,2025-04-28,AMAZON,AMAZON,Shopping,1046.02,0
synthetic-user-6,2025-05-01,UNKNOWN ELECTRONICS STORE,UNKNOWN ELECTRONICS STORE,Shopping,42821.0,1
synthetic-user-6,2025-05-04,MYNTRA,MYNTRA,Shopping,15214.62,1
synthetic-user-6,2025-05-04,AMAZON,AMAZON,Shopping,1339.15,0
synthetic-user-6,2025-05-06,FLIPKART,FLIPKART,Shopping,7865.7,1
synthetic-user-6,2025-05-09,BIGBASKET,BIGBASKET,Groceries,1659.44,0
synthetic-user-6,2025-05-11,HOUSE RENT NEFT,HOUSE RENT NEFT,Rent,14721.7,0
synthetic-user-6,2025-05-13,ELECTRICITY BILL PAYMENT,ELECTRICITY BILL PAYMENT,Bills,2087.21,0
synthetic-user-6,2025-05-16,ELECTRICITY BILL PAYMENT,ELECTRICITY BILL PAYMENT,Bills,2112.54,0
synthetic-user-6,2025-05-19,NETFLIX SUBSCRIPTION,NETFLIX SUBSCRIPTION,Subscription,699.56,0
synthetic-user-6,2025-05-20,ZERODHA,ZERODHA,Investment,4185.78,0
synthetic-user-6,2025-05-23,ZERODHA,ZERODHA,Investment,5132.0,0
synthetic-user-6,2025-05-24,OLA CABS,OLA CABS,Transportation,175.5,0
synthetic-user-6,2025-05-24,HOUSE RENT NEFT,HOUSE RENT NEFT,Rent,17020.68,0
synthetic-user-6,2025-05-25,HOUSE RENT NEFT,HOUSE RENT NEFT,Rent,15664.42,0
synthetic-user-6,2025-05-28,BIGBASKET,BIGBASKET,Groceries,1429.82,0
synthetic-user-6,2025-05-31,UBER,UBER,Transportation,179.73,0
synthetic-user-6,2025-06-03,NETFLIX SUBSCRIPTION,NETFLIX SUBSCRIPTION,Subscription,545.39,0
synthetic-user-6,2025-06-05,STARBUCKS,STARBUCKS,Food,309.33,0
synthetic-user-6,2025-06-07,FOREIGN CURRENCY EXCHANGE,FOREIGN CURRENCY EXCHANGE,Other,50092.36,1
synthetic-user-6,2025-06-08,INDIAN OIL PETROL,INDIAN OIL PETROL,Transportation,947.88,0
synthetic-user-6,2025-06-11,SWIGGY,SWIGGY,Food,312.65,0
synthetic-user-6,2025-06-14,UBER,UBER,Transportation,196.85,0
synthetic-user-6,2025-06-16,FLIPKART,FLIPKART,Shopping,988.39,0
synthetic-user-6,2025-06-18,AIRTEL POSTPAID,AIRTEL POSTPAID,Utilities,658.34,0
synthetic-user-6,2025-06-19,ZERODHA,ZERODHA,Investment,4332.34,0
synthetic-user-6,2025-06-22,SWIGGY,SWIGGY,Food,272.84,0
synthetic-user-6,2025-06-24,FLIPKART,FLIPKART,Shopping,984.02,0
synthetic-user-6,2025-06-26,SALARY CREDIT,SALARY CREDIT,Salary,91788.67,0
synthetic-user-6,2025-06-28,AMAZON,AMAZON,Shopping,1409.74,0
synthetic-user-6,2025-06-30,ZERODHA,ZERODHA,Investment,5156.13,0
synthetic-user-6,2025-07-03,DMART,DMART,Groceries,1359.69,0
synthetic-user-6,2025-07-03,FLIPKART,FLIPKART,Shopping,990.75,0
synthetic-user-6,2025-07-06,OLA CABS,OLA CABS,Transportation,208.07,0
synthetic-user-6,2025-07-08,INDIAN OIL PETROL,INDIAN OIL PETROL,Transportation,916.67,0
synthetic-user-6,2025-07-11,NETFLIX SUBSCRIPTION,NETFLIX SUBSCRIPTION,Subscription,521.13,0
synthetic-user-6,2025-07-13,APOLLO PHARMACY,APOLLO PHARMACY,Healthcare,462.83,0
synthetic-user-6,2025-07-14,APOLLO PHARMACY,APOLLO PHARMACY,Healthcare,477.77,0
synthetic-user-6,2025-07-15,MYNTRA,MYNTRA,Shopping,1409.86,0
synthetic-user-6,2025-07-16,FLIPKART,FLIPKART,Shopping,912.25,0
synthetic-user-6,2025-07-19,MYNTRA,MYNTRA,Shopping,1293.28,0
synthetic-user-6,2025-07-22,SALARY CREDIT,SALARY CREDIT,Salary,74339.49,0
synthetic-user-6,2025-07-22,STARBUCKS,STARBUCKS,Food,225.71,0
synthetic-user-6,2025-07-22,AIRTEL POSTPAID,AIRTEL POSTPAID,Utilities,609.26,0
synthetic-user-6,2025-07-24,DMART,DMART,Groceries,2130.4,0
synthetic-user-6,2025-07-27,HOUSE RENT NEFT,HOUSE RENT NEFT,Rent,16143.09,0
synthetic-user-6,2025-07-28,UBER,UBER,Transportation,206.27,0
synthetic-user-6,2025-07-29,ZOMATO,ZOMATO,Food,331.76,0
synthetic-user-6,2025-07-29,OLA CABS,OLA CABS,Transportation,181.15,0
synthetic-user-6,2025-07-30,STARBUCKS,STARBUCKS,Food,227.27,0
synthetic-user-6,2025-07-31,ELECTRICITY BILL PAYMENT,ELECTRICITY BILL PAYMENT,Bills,1497.17,0
synthetic-user-6,2025-08-03,NETFLIX SUBSCRIPTION,NETFLIX SUBSCRIPTION,Subscription,7593.57,1
synthetic-user-7,2025-01-31,ZERODHA,ZERODHA,Investment,6109.29,0
synthetic-user-7,2025-02-01,FOREIGN CURRENCY EXCHANGE,FOREIGN CURRENCY EXCHANGE,Other,26197.04,1
synthetic-user-7,2025-02-03,BIGBASKET,BIGBASKET,Groceries,1276.85,0
synthetic-user-7,2025-02-04,ZOMATO,ZOMATO,Food,453.43,0
synthetic-user-7,2025-02-06,HOUSE RENT NEFT,HOUSE RENT NEFT,Rent,14579.21,0
synthetic-user-7,2025-02-08,DMART,DMART,Groceries,1599.8,0
synthetic-user-7,2025-02-10,SALARY CREDIT,SALARY CREDIT,Salary,61006.91,0
synthetic-user-7,2025-02-13,UNKNOWN ELECTRONICS STORE,UNKNOWN ELECTRONICS STORE,Shopping,24503.56,1
synthetic-user-7,2025-02-13,UBER,UBER,Transportation,214.99,0
synthetic-user-7,2025-02-13,ZOMATO,ZOMATO,Food,339.25,0
synthetic-user-7,2025-02-13,ZOMATO,ZOMATO,Food,460.6,0
synthetic-user-7,2025-02-13,SWIGGY,SWIGGY,Food,374.86,0
synthetic-user-7,2025-02-16,APOLLO PHARMACY,APOLLO PHARMACY,Healthcare,459.99,0
synthetic-user-7,2025-02-18,DMART,DMART,Groceries,2125.98,0
synthetic-user-7,2025-02-18,BIGBASKET,BIGBASKET,Groceries,1829.05,0
synthetic-user-7,2025-02-20,DMART,DMART,Groceries,1439.82,0
synthetic-user-7,2025-02-20,BIGBASKET,BIGBASKET,Groceries,1735.02,0
synthetic-user-7,2025-02-23,OLA CABS,OLA CABS,Transportation,188.91,0
synthetic-user-7,2025-02-24,ELECTRICITY BILL PAYMENT,ELECTRICITY BILL PAYMENT,Bills,1586.8,0
synthetic-user-7,2025-02-26,APOLLO PHARMACY,APOLLO PHARMACY,Healthcare,403.95,0
synthetic-user-7,2025-03-01,SWIGGY,SWIGGY,Food,350.82,0
synthetic-user-7,2025-03-01,BIGBASKET,BIGBASKET,Groceries,1670.74,0
synthetic-user-7,2025-03-02,ZERODHA,ZERODHA,Investment,4040.84,0
synthetic-user-7,2025-03-02,BIGBASKET,BIGBASKET,Groceries,1767.33,0
synthetic-user-7,2025-03-05,FLIPKART,FLIPKART,Shopping,878.52,0
synthetic-user-7,2025-03-07,BIGBASKET,BIGBASKET,Groceries,1677.11,0
synthetic-user-7,2025-03-09,MYNTRA,MYNTRA,Shopping,1077.53,0
synthetic-user-7,2025-03-12,BIGBASKET,BIGBASKET,Groceries,1781.03,0
synthetic-user-7,2025-03-12,UBER,UBER,Transportation,149.27,0
synthetic-user-7,2025-03-14,HOUSE RENT NEFT,HOUSE RENT NEFT,Rent,16708.15,0
synthetic-user-7,2025-03-14,MYNTRA,MYNTRA,Shopping,1450.48,0
synthetic-user-7,2025-03-15,AIRTEL POSTPAID,AIRTEL POSTPAID,Utilities,668.57,0
synthetic-user-7,2025-03-18,SALARY CREDIT,SALARY CREDIT,Salary,63178.02,0
synthetic-user-7,2025-03-21,UBER,UBER,Transportation,235.11,0
synthetic-user-7,2025-03-21,UBER,UBER,Transportation,230.2,0
synthetic-user-7,2025-03-21,SALARY CREDIT,SALARY CREDIT,Salary,69736.56,0
synthetic-user-7,2025-03-22,NETFLIX SUBSCRIPTION,NETFLIX SUBSCRIPTION,Subscription,510.2,0
synthetic-user-7,2025-03-22,DMART,DMART,Groceries,1654.77,0
synthetic-user-7,2025-03-25,STARBUCKS,STARBUCKS,Food,254.61,0
synthetic-user-7,2025-03-27,SWIGGY,SWIGGY,Food,327.75,0
synthetic-user-7,2025-03-28,MYNTRA,MYNTRA,Shopping,1175.01,0
synthetic-user-7,2025-03-28,INDIAN OIL PETROL,INDIAN OIL PETROL,Transportation,779.98,0
synthetic-user-7,2025-03-31,APOLLO PHARMACY,APOLLO PHARMACY,Healthcare,461.29,0
synthetic-user-7,2025-03-31,ZERODHA,ZERODHA,Investment,55465.37,1
synthetic-user-7,2025-04-03,STARBUCKS,STARBUCKS,Food,250.3,0
synthetic-user-7,2025-04-05,ZOMATO,ZOMATO,Food,347.24,0
synthetic-user-7,2025-04-06,AIRTEL POSTPAID,AIRTEL POSTPAID,Utilities,545.01,0
synthetic-user-7,2025-04-09,HOUSE RENT NEFT,HOUSE RENT NEFT,Rent,15940.39,0
synthetic-user-7,2025-04-09,HOUSE RENT NEFT,HOUSE RENT NEFT,Rent,12451.01,0
synthetic-user-7,2025-04-09,ELECTRICITY BILL PAYMENT,ELECTRICITY BILL PAYMENT,Bills,3048.35,0
synthetic-user-7,2025-04-09,SWIGGY,SWIGGY,Food,392.7,0
synthetic-user-7,2025-04-11,APOLLO PHARMACY,APOLLO PHARMACY,Healthcare,343.77,0
synthetic-user-7,2025-04-12,HOUSE RENT NEFT,HOUSE RENT NEFT,Rent,17034.97,0
synthetic-user-7,2025-04-12,HOUSE RENT NEFT,HOUSE RENT NEFT,Rent,14343.82,0
synthetic-user-7,2025-04-14,SALARY CREDIT,SALARY CREDIT,Salary,63073.31,0
synthetic-user-7,2025-04-17,INDIAN OIL PETROL,INDIAN OIL PETROL,Transportation,860.58,0
synthetic-user-7,2025-04-17,FLIPKART,FLIPKART,Shopping,861.31,0
synthetic-user-7,2025-04-17,UBER,UBER,Transportation,191.43,0
synthetic-user-7,2025-04-20,ELECTRICITY BILL PAYMENT,ELECTRICITY BILL PAYMENT,Bills,2554.79,0
synthetic-user-7,2025-04-21,AIRTEL POSTPAID,AIRTEL POSTPAID,Utilities,675.86,0
synthetic-user-7,2025-04-22,OLA CABS,OLA CABS,Transportation,177.33,0
synthetic-user-7,2025-04-25,BIGBASKET,BIGBASKET,Groceries,1394.88,0
synthetic-user-7,2025-04-28,ZERODHA,ZERODHA,Investment,5584.5,0
synthetic-user-7,2025-04-28,ELECTRICITY BILL PAYMENT,ELECTRICITY BILL PAYMENT,Bills,2490.37,0
synthetic-user-7,2025-05-01,UBER,UBER,Transportation,193.38,0
synthetic-user-7,2025-05-02,MYNTRA,MYNTRA,Shopping,1370.21,0
synthetic-user-7,2025-05-05,INDIAN OIL PETROL,INDIAN OIL PETROL,Transportation,942.96,0
synthetic-user-7,2025-05-07,DMART,DMART,Groceries,2763.76,0
synthetic-user-7,2025-05-08,ZERODHA,ZERODHA,Investment,4647.2,0
synthetic-user-7,2025-05-10,APOLLO PHARMACY,APOLLO PHARMACY,Healthcare,550.04,0
synthetic-user-7,2025-05-11,FLIPKART,FLIPKART,Shopping,868.86,0
synthetic-user-7,2025-05-12,UBER,UBER,Transportation,137.67,0
synthetic-user-7,2025-05-14,NETFLIX SUBSCRIPTION,NETFLIX SUBSCRIPTION,Subscription,530.01,0
synthetic-user-7,2025-05-17,APOLLO PHARMACY,APOLLO PHARMACY,Healthcare,415.96,0
synthetic-user-7,2025-05-19,ELECTRICITY BILL PAYMENT,ELECTRICITY BILL PAYMENT,Bills,2343.77,0
synthetic-user-7,2025-05-19,ZOMATO,ZOMATO,Food,331.87,0
synthetic-user-7,2025-05-19,UBER,UBER,Transportation,245.26,0
synthetic-user-7,2025-05-20,FLIPKART,FLIPKART,Shopping,976.5,0
synthetic-user-7,2025-05-21,ZOMATO,ZOMATO,Food,358.44,0
synthetic-user-7,2025-05-22,APOLLO PHARMACY,APOLLO PHARMACY,Healthcare,507.48,0
synthetic-user-7,2025-05-25,FLIPKART,FLIPKART,Shopping,983.67,0
synthetic-user-7,2025-05-28,MYNTRA,MYNTRA,Shopping,1434.64,0
synthetic-user-7,2025-05-28,FOREIGN CURRENCY EXCHANGE,FOREIGN CURRENCY EXCHANGE,Other,54098.25,1
synthetic-user-7,2025-05-31,NETFLIX SUBSCRIPTION,NETFLIX SUBSCRIPTION,Subscription,652.93,0
synthetic-user-7,2025-06-01,OLA CABS,OLA CABS,Transportation,146.06,0
synthetic-user-7,2025-06-03,STARBUCKS,STARBUCKS,Food,258.94,0
synthetic-user-7,2025-06-03,ELECTRICITY BILL PAYMENT,ELECTRICITY BILL PAYMENT,Bills,2388.13,0
synthetic-user-7,2025-06-05,DMART,DMART,Groceries,2308.08,0
synthetic-user-7,2025-06-05,DMART,DMART,Groceries,2491.78,0
synthetic-user-7,2025-06-05,MYNTRA,MYNTRA,Shopping,1181.81,0
synthetic-user-7,2025-06-07,APOLLO PHARMACY,APOLLO PHARMACY,Healthcare,383.47,0
synthetic-user-7,2025-06-09,MYNTRA,MYNTRA,Shopping,942.76,0
synthetic-user-7,2025-06-09,UBER,UBER,Transportation,188.04,0
synthetic-user-7,2025-06-12,AIRTEL POSTPAID,AIRTEL POSTPAID,Utilities,652.22,0
synthetic-user-7,2025-06-13,MYNTRA,MYNTRA,Shopping,1586.88,0
synthetic-user-7,2025-06-15,ZERODHA,ZERODHA,Investment,4049.17,0
synthetic-user-7,2025-06-15,NETFLIX SUBSCRIPTION,NETFLIX SUBSCRIPTION,Subscription,668.66,0
synthetic-user-7,2025-06-18,INDIAN OIL PETROL,INDIAN OIL PETROL,Transportation,1219.7,0
synthetic-user-7,2025-06-20,BIGBASKET,BIGBASKET,Groceries,1412.95,0
synthetic-user-7,2025-06-23,FLIPKART,FLIPKART,Shopping,1178.76,0
synthetic-user-7,2025-06-25,ZERODHA,ZERODHA,Investment,5139.87,0
synthetic-user-7,2025-06-28,FLIPKART,FLIPKART,Shopping,1078.73,0
synthetic-user-7,2025-06-28,UBER,UBER,Transportation,188.3,0
synthetic-user-7,2025-06-28,OLA CABS,OLA CABS,Transportation,157.67,0
synthetic-user-7,2025-07-01,OLA CABS,OLA CABS,Transportation,139.17,0
synthetic-user-7,2025-07-04,STARBUCKS,STARBUCKS,Food,249.58,0
synthetic-user-7,2025-07-07,ZOMATO,ZOMATO,Food,365.34,0
synthetic-user-7,2025-07-07,UBER,UBER,Transportation,210.51,0
synthetic-user-7,2025-07-08,ELECTRICITY BILL PAYMENT,ELECTRICITY BILL PAYMENT,Bills,1794.43,0
synthetic-user-7,2025-07-11,AIRTEL POSTPAID,AIRTEL POSTPAID,Utilities,583.86,0
synthetic-user-7,2025-07-11,STARBUCKS,STARBUCKS,Food,252.83,0
synthetic-user-7,2025-07-11,STARBUCKS,STARBUCKS,Food,222.24,0
synthetic-user-7,2025-07-13,FLIPKART,FLIPKART,Shopping,1138.26,0
synthetic-user-7,2025-07-13,HOUSE RENT NEFT,HOUSE RENT NEFT,Rent,11926.74,0
synthetic-user-7,2025-07-13,APOLLO PHARMACY,APOLLO PHARMACY,Healthcare,535.05,0
synthetic-user-7,2025-07-14,AIRTEL POSTPAID,AIRTEL POSTPAID,Utilities,649.65,0
synthetic-user-7,2025-07-16,DMART,DMART,Groceries,1441.21,0
synthetic-user-7,2025-07-18,NETFLIX SUBSCRIPTION,NETFLIX SUBSCRIPTION,Subscription,663.06,0
synthetic-user-7,2025-07-19,SWIGGY,SWIGGY,Food,347.92,0
synthetic-user-7,2025-07-22,STARBUCKS,STARBUCKS,Food,229.01,0
synthetic-user-8,2025-01-31,ZERODHA,ZERODHA,Investment,6172.94,0
synthetic-user-8,2025-02-01,INDIAN OIL PETROL,INDIAN OIL PETROL,Transportation,915.01,0
synthetic-user-8,2025-02-01,ZOMATO,ZOMATO,Food,369.31,0
synthetic-user-8,2025-02-04,STARBUCKS,STARBUCKS,Food,246.46,0
synthetic-user-8,2025-02-04,SALARY CREDIT,SALARY CREDIT,Salary,68523.17,0
synthetic-user-8,2025-02-06,INDIAN OIL PETROL,INDIAN OIL PETROL,Transportation,1168.67,0
synthetic-user-8,2025-02-07,HOUSE RENT NEFT,HOUSE RENT NEFT,Rent,16839.26,0
synthetic-user-8,2025-02-09,FLIPKART,FLIPKART,Shopping,970.0,0
synthetic-user-8,2025-02-11,ELECTRICITY BILL PAYMENT,ELECTRICITY BILL PAYMENT,Bills,2022.08,0
synthetic-user-8,2025-02-12,UNKNOWN ELECTRONICS STORE,UNKNOWN ELECTRONICS STORE,Shopping,47048.96,1
synthetic-user-8,2025-02-15,NETFLIX SUBSCRIPTION,NETFLIX SUBSCRIPTION,Subscription,754.14,0
synthetic-user-8,2025-02-18,NETFLIX SUBSCRIPTION,NETFLIX SUBSCRIPTION,Subscription,767.21,0
synthetic-user-8,2025-02-20,BIGBASKET,BIGBASKET,Groceries,1638.21,0
synthetic-user-8,2025-02-22,DMART,DMART,Groceries,2366.03,0
synthetic-user-8,2025-02-23,STARBUCKS,STARBUCKS,Food,238.81,0
synthetic-user-8,2025-02-23,AIRTEL POSTPAID,AIRTEL POSTPAID,Utilities,411.3,0
synthetic-user-8,2025-02-24,APOLLO PHARMACY,APOLLO PHARMACY,Healthcare,440.47,0
synthetic-user-8,2025-02-27,DMART,DMART,Groceries,2634.16,0
synthetic-user-8,2025-03-01,FLIPKART,FLIPKART,Shopping,1117.91,0
synthetic-user-8,2025-03-01,ZERODHA,ZERODHA,Investment,5659.34,0
synthetic-user-8,2025-03-01,UBER,UBER,Transportation,200.75,0
synthetic-user-8,2025-03-02,DMART,DMART,Groceries,1835.17,0
synthetic-user-8,2025-03-05,ZOMATO,ZOMATO,Food,413.51,0
synthetic-user-8,2025-03-05,INDIAN OIL PETROL,INDIAN OIL PETROL,Transportation,1170.15,0
synthetic-user-8,2025-03-05,ZERODHA,ZERODHA,Investment,5594.08,0
synthetic-user-8,2025-03-08,ZOMATO,ZOMATO,Food,368.88,0
synthetic-user-8,2025-03-08,MYNTRA,MYNTRA,Shopping,1971.42,0
synthetic-user-8,2025-03-10,AMAZON,AMAZON,Shopping,1485.86,0
synthetic-user-8,2025-03-11,AIRTEL POSTPAID,AIRTEL POSTPAID,Utilities,512.33,0
synthetic-user-8,2025-03-11,AIRTEL POSTPAID,AIRTEL POSTPAID,Utilities,696.94,0
synthetic-user-8,2025-03-12,NETFLIX SUBSCRIPTION,NETFLIX SUBSCRIPTION,Subscription,685.72,0
synthetic-user-8,2025-03-15,SWIGGY,SWIGGY,Food,305.95,0
synthetic-user-8,2025-03-16,INDIAN OIL PETROL,INDIAN OIL PETROL,Transportation,1190.65,0
synthetic-user-8,2025-03-17,UBER,UBER,Transportation,220.06,0
synthetic-user-8,2025-03-19,BIGBASKET,BIGBASKET,Groceries,1376.61,0
synthetic-user-8,2025-03-21,SALARY CREDIT,SALARY CREDIT,Salary,56443.22,0
synthetic-user-8,2025-03-24,UBER,UBER,Transportation,181.43,0
synthetic-user-8,2025-03-25,UBER,UBER,Transportation,175.35,0
synthetic-user-8,2025-03-26,ZOMATO,ZOMATO,Food,426.16,0
synthetic-user-8,2025-03-27,UBER,UBER,Transportation,189.29,0
synthetic-user-8,2025-03-30,SWIGGY,SWIGGY,Food,411.21,0
synthetic-user-8,2025-04-01,OLA CABS,OLA CABS,Transportation,149.88,0
synthetic-user-8,2025-04-04,SALARY CREDIT,SALARY CREDIT,Salary,69007.61,0
synthetic-user-8,2025-04-07,UBER,UBER,Transportation,186.41,0
synthetic-user-8,2025-04-09,MYNTRA,MYNTRA,Shopping,1767.78,0
synthetic-user-8,2025-04-09,AIRTEL POSTPAID,AIRTEL POSTPAID,Utilities,542.25,0
synthetic-user-8,2025-04-10,OLA CABS,OLA CABS,Transportation,121.44,0
synthetic-user-8,2025-04-13,BIGBASKET,BIGBASKET,Groceries,1429.89,0
synthetic-user-8,2025-04-14,ZOMATO,ZOMATO,Food,453.14,0
synthetic-user-8,2025-04-14,DMART,DMART,Groceries,1743.35,0
synthetic-user-8,2025-04-14,ELECTRICITY BILL PAYMENT,ELECTRICITY BILL PAYMENT,Bills,1885.61,0
synthetic-user-8,2025-04-14,ELECTRICITY BILL PAYMENT,ELECTRICITY BILL PAYMENT,Bills,2156.17,0
synthetic-user-8,2025-04-15,SALARY CREDIT,SALARY CREDIT,Salary,67349.97,0
synthetic-user-8,2025-04-15,AMAZON,AMAZON,Shopping,1029.05,0
synthetic-user-8,2025-04-18,STARBUCKS,STARBUCKS,Food,234.08,0
synthetic-user-8,2025-04-21,SWIGGY,SWIGGY,Food,455.09,0
synthetic-user-8,2025-04-21,BIGBASKET,BIGBASKET,Groceries,1283.52,0
synthetic-user-8,2025-04-22,MYNTRA,MYNTRA,Shopping,1472.98,0
synthetic-user-8,2025-04-25,DMART,DMART,Groceries,1644.1,0
synthetic-user-8,2025-04-27,ELECTRICITY BILL PAYMENT,ELECTRICITY BILL PAYMENT,Bills,2396.16,0
synthetic-user-8,2025-04-29,AIRTEL POSTPAID,AIRTEL POSTPAID,Utilities,601.9,0
synthetic-user-8,2025-05-02,APOLLO PHARMACY,APOLLO PHARMACY,Healthcare,380.33,0
synthetic-user-8,2025-05-05,FLIPKART,FLIPKART,Shopping,771.42,0
synthetic-user-8,2025-05-08,BIGBASKET,BIGBASKET,Groceries,1318.04,0
synthetic-user-8,2025-05-09,UBER,UBER,Transportation,228.88,0
synthetic-user-8,2025-05-11,ZOMATO,ZOMATO,Food,442.13,0
synthetic-user-8,2025-05-12,SWIGGY,SWIGGY,Food,382.74,0
synthetic-user-8,2025-05-15,ELECTRICITY BILL PAYMENT,ELECTRICITY BILL PAYMENT,Bills,1621.13,0
synthetic-user-8,2025-05-15,INDIAN OIL PETROL,INDIAN OIL PETROL,Transportation,858.49,0
synthetic-user-8,2025-05-18,AIRTEL POSTPAID,AIRTEL POSTPAID,Utilities,688.32,0
synthetic-user-8,2025-05-20,ZOMATO,ZOMATO,Food,504.75,0
synthetic-user-8,2025-05-23,OLA CABS,OLA CABS,Transportation,163.27,0
synthetic-user-8,2025-05-25,ZERODHA,ZERODHA,Investment,4458.19,0
synthetic-user-8,2025-05-26,NETFLIX SUBSCRIPTION,NETFLIX SUBSCRIPTION,Subscription,641.99,0
synthetic-user-8,2025-05-27,UBER,UBER,Transportation,220.61,0
synthetic-user-8,2025-05-30,AIRTEL POSTPAID,AIRTEL POSTPAID,Utilities,636.47,0
synthetic-user-8,2025-06-02,ZERODHA,ZERODHA,Investment,6164.23,0
synthetic-user-8,2025-06-02,APOLLO PHARMACY,APOLLO PHARMACY,Healthcare,460.15,0
synthetic-user-8,2025-06-04,AMAZON,AMAZON,Shopping,1268.6,0
synthetic-user-8,2025-06-07,SWIGGY,SWIGGY,Food,483.35,0
synthetic-user-8,2025-06-09,ZERODHA,ZERODHA,Investment,5228.08,0
synthetic-user-8,2025-06-11,BIGBASKET,BIGBASKET,Groceries,1554.09,0
synthetic-user-8,2025-06-13,AMAZON,AMAZON,Shopping,1039.16,0
synthetic-user-8,2025-06-16,MYNTRA,MYNTRA,Shopping,950.35,0
synthetic-user-8,2025-06-19,SWIGGY,SWIGGY,Food,309.72,0
synthetic-user-8,2025-06-22,INDIAN OIL PETROL,INDIAN OIL PETROL,Transportation,1013.09,0
synthetic-user-8,2025-06-23,ELECTRICITY BILL PAYMENT,ELECTRICITY BILL PAYMENT,Bills,2582.35,0
synthetic-user-8,2025-06-23,AMAZON,AMAZON,Shopping,1140.04,0
synthetic-user-8,2025-06-24,AIRTEL POSTPAID,AIRTEL POSTPAID,Utilities,522.11,0
synthetic-user-8,2025-06-24,UBER,UBER,Transportation,150.62,0
synthetic-user-8,2025-06-27,OLA CABS,OLA CABS,Transportation,196.84,0
synthetic-user-8,2025-06-28,OLA CABS,OLA CABS,Transportation,166.83,0
synthetic-user-8,2025-06-29,AMAZON,AMAZON,Shopping,1232.51,0
synthetic-user-8,2025-06-30,NETFLIX SUBSCRIPTION,NETFLIX SUBSCRIPTION,Subscription,712.14,0
synthetic-user-8,2025-07-01,BIGBASKET,BIGBASKET,Groceries,1796.13,0
synthetic-user-8,2025-07-04,APOLLO PHARMACY,APOLLO PHARMACY,Healthcare,401.3,0
synthetic-user-8,2025-07-04,NETFLIX SUBSCRIPTION,NETFLIX SUBSCRIPTION,Subscription,566.69,0
synthetic-user-8,2025-07-06,ZERODHA,ZERODHA,Investment,4399.51,0
synthetic-user-8,2025-07-08,DMART,DMART,Groceries,2506.81,0
synthetic-user-8,2025-07-11,ZOMATO,ZOMATO,Food,435.88,0
synthetic-user-8,2025-07-13,UBER,UBER,Transportation,185.35,0
synthetic-user-8,2025-07-16,SWIGGY,SWIGGY,Food,357.07,0
synthetic-user-8,2025-07-16,AIRTEL POSTPAID,AIRTEL POSTPAID,Utilities,529.38,0
synthetic-user-8,2025-07-18,AMAZON,AMAZON,Shopping,1122.17,0
synthetic-user-8,2025-07-19,MYNTRA,MYNTRA,Shopping,1323.97,0
synthetic-user-8,2025-07-20,NETFLIX SUBSCRIPTION,NETFLIX SUBSCRIPTION,Subscription,734.39,0
synthetic-user-8,2025-07-22,AMAZON,AMAZON,Shopping,976.83,0
synthetic-user-8,2025-07-23,AMAZON,AMAZON,Shopping,1271.38,0
synthetic-user-8,2025-07-24,AIRTEL POSTPAID,AIRTEL POSTPAID,Utilities,652.59,0
synthetic-user-8,2025-07-25,SWIGGY,SWIGGY,Food,438.84,0
synthetic-user-8,2025-07-26,DMART,DMART,Groceries,2583.51,0
synthetic-user-8,2025-07-28,FLIPKART,FLIPKART,Shopping,991.86,0
synthetic-user-8,2025-07-30,ZOMATO,ZOMATO,Food,326.2,0
synthetic-user-8,2025-07-30,AMAZON,AMAZON,Shopping,1364.28,0
synthetic-user-8,2025-08-02,BIGBASKET,BIGBASKET,Groceries,1306.89,0
synthetic-user-8,2025-08-04,APOLLO PHARMACY,APOLLO PHARMACY,Healthcare,468.88,0
synthetic-user-8,2025-08-06,ELECTRICITY BILL PAYMENT,ELECTRICITY BILL PAYMENT,Bills,2680.0,0
synthetic-user-8,2025-08-07,APOLLO PHARMACY,APOLLO PHARMACY,Healthcare,543.65,0
synthetic-user-8,2025-08-08,FLIPKART,FLIPKART,Shopping,862.38,0
synthetic-user-8,2025-08-11,HOUSE RENT NEFT,HOUSE RENT NEFT,Rent,17657.51,0
synthetic-user-9,2025-01-29,FLIPKART,FLIPKART,Shopping,633.97,0
synthetic-user-9,2025-01-30,MYNTRA,MYNTRA,Shopping,1627.25,0
synthetic-user-9,2025-02-02,AIRTEL POSTPAID,AIRTEL POSTPAID,Utilities,619.13,0
synthetic-user-9,2025-02-03,MYNTRA,MYNTRA,Shopping,1429.61,0
synthetic-user-9,2025-02-05,AMAZON,AMAZON,Shopping,1057.57,0
synthetic-user-9,2025-02-08,NETFLIX SUBSCRIPTION,NETFLIX SUBSCRIPTION,Subscription,588.95,0
synthetic-user-9,2025-02-11,UBER,UBER,Transportation,209.44,0
synthetic-user-9,2025-02-12,STARBUCKS,STARBUCKS,Food,234.63,0
synthetic-user-9,2025-02-13,BIGBASKET,BIGBASKET,Groceries,1936.29,0
synthetic-user-9,2025-02-16,SWIGGY,SWIGGY,Food,419.7,0
synthetic-user-9,2025-02-19,STARBUCKS,STARBUCKS,Food,291.33,0
synthetic-user-9,2025-02-19,AIRTEL POSTPAID,AIRTEL POSTPAID,Utilities,674.75,0
synthetic-user-9,2025-02-21,FLIPKART,FLIPKART,Shopping,926.94,0
synthetic-user-9,2025-02-22,MYNTRA,MYNTRA,Shopping,16778.17,1
synthetic-user-9,2025-02-25,APOLLO PHARMACY,APOLLO PHARMACY,Healthcare,462.27,0
synthetic-user-9,2025-02-27,DMART,DMART,Groceries,2455.53,0
synthetic-user-9,2025-02-28,HOUSE RENT NEFT,HOUSE RENT NEFT,Rent,14338.09,0
synthetic-user-9,2025-03-03,APOLLO PHARMACY,APOLLO PHARMACY,Healthcare,427.18,0
synthetic-user-9,2025-03-04,HOUSE RENT NEFT,HOUSE RENT NEFT,Rent,16933.6,0
synthetic-user-9,2025-03-06,AMAZON,AMAZON,Shopping,1214.64,0
synthetic-user-9,2025-03-07,SALARY CREDIT,SALARY CREDIT,Salary,66178.39,0
synthetic-user-9,2025-03-07,SALARY CREDIT,SALARY CREDIT,Salary,75491.29,0
synthetic-user-9,2025-03-07,FLIPKART,FLIPKART,Shopping,944.12,0
synthetic-user-9,2025-03-08,APOLLO PHARMACY,APOLLO PHARMACY,Healthcare,401.25,0
synthetic-user-9,2025-03-11,UBER,UBER,Transportation,222.04,0
synthetic-user-9,2025-03-14,INDIAN OIL PETROL,INDIAN OIL PETROL,Transportation,987.2,0
synthetic-user-9,2025-03-15,AMAZON,AMAZON,Shopping,1387.92,0
synthetic-user-9,2025-03-17,APOLLO PHARMACY,APOLLO PHARMACY,Healthcare,475.16,0
synthetic-user-9,2025-03-17,FLIPKART,FLIPKART,Shopping,855.64,0
synthetic-user-9,2025-03-17,HOUSE RENT NEFT,HOUSE RENT NEFT,Rent,14564.48,0
synthetic-user-9,2025-03-18,DMART,DMART,Groceries,2414.85,0
synthetic-user-9,2025-03-18,SWIGGY,SWIGGY,Food,359.55,0
synthetic-user-9,2025-03-20,HOUSE RENT NEFT,HOUSE RENT NEFT,Rent,15961.64,0
synthetic-user-9,2025-03-20,DMART,DMART,Groceries,2209.04,0
synthetic-user-9,2025-03-23,SALARY CREDIT,SALARY CREDIT,Salary,65630.36,0
synthetic-user-9,2025-03-25,ZOMATO,ZOMATO,Food,344.17,0
synthetic-user-9,2025-03-26,AIRTEL POSTPAID,AIRTEL POSTPAID,Utilities,750.53,0
synthetic-user-9,2025-03-26,UBER,UBER,Transportation,220.46,0
synthetic-user-9,2025-03-29,BIGBASKET,BIGBASKET,Groceries,1903.71,0
synthetic-user-9,2025-03-30,HOUSE RENT NEFT,HOUSE RENT NEFT,Rent,15129.49,0
synthetic-user-9,2025-03-31,BIGBASKET,BIGBASKET,Groceries,2226.15,0
synthetic-user-9,2025-04-01,FLIPKART,FLIPKART,Shopping,1081.17,0
synthetic-user-9,2025-04-01,APOLLO PHARMACY,APOLLO PHARMACY,Healthcare,434.52,0
synthetic-user-9,2025-04-01,FLIPKART,FLIPKART,Shopping,1099.29,0
synthetic-user-9,2025-04-02,INDIAN OIL PETROL,INDIAN OIL PETROL,Transportation,1297.43,0
synthetic-user-9,2025-04-05,UBER,UBER,Transportation,210.95,0
synthetic-user-9,2025-04-08,SWIGGY,SWIGGY,Food,283.09,0
synthetic-user-9,2025-04-08,SALARY CREDIT,SALARY CREDIT,Salary,62864.39,0
synthetic-user-9,2025-04-08,SALARY CREDIT,SALARY CREDIT,Salary,59759.97,0
synthetic-user-9,2025-04-08,MYNTRA,MYNTRA,Shopping,2195.13,0
synthetic-user-9,2025-04-08,DMART,DMART,Groceries,1569.88,0
synthetic-user-9,2025-04-08,INDIAN OIL PETROL,INDIAN OIL PETROL,Transportation,921.92,0
synthetic-user-9,2025-04-10,HOUSE RENT NEFT,HOUSE RENT NEFT,Rent,17627.32,0
synthetic-user-9,2025-04-11,FOREIGN CURRENCY EXCHANGE,FOREIGN CURRENCY EXCHANGE,Other,21062.95,1
synthetic-user-9,2025-04-11,HOUSE RENT NEFT,HOUSE RENT NEFT,Rent,12376.63,0
synthetic-user-9,2025-04-14,UBER,UBER,Transportation,186.4,0
synthetic-user-9,2025-04-16,HOUSE RENT NEFT,HOUSE RENT NEFT,Rent,14327.36,0
synthetic-user-9,2025-04-17,DMART,DMART,Groceries,2558.88,0
synthetic-user-9,2025-04-20,AMAZON,AMAZON,Shopping,1008.68,0
synthetic-user-9,2025-04-23,SWIGGY,SWIGGY,Food,335.07,0
synthetic-user-9,2025-04-25,INDIAN OIL PETROL,INDIAN OIL PETROL,Transportation,976.68,0
synthetic-user-9,2025-04-28,SALARY CREDIT,SALARY CREDIT,Salary,68184.93,0
synthetic-user-9,2025-04-29,MYNTRA,MYNTRA,Shopping,1332.64,0
synthetic-user-9,2025-04-29,STARBUCKS,STARBUCKS,Food,267.75,0
synthetic-user-9,2025-04-29,DMART,DMART,Groceries,2032.78,0
synthetic-user-9,2025-04-29,BIGBASKET,BIGBASKET,Groceries,1551.11,0
synthetic-user-9,2025-04-29,AIRTEL POSTPAID,AIRTEL POSTPAID,Utilities,538.98,0
synthetic-user-9,2025-05-01,INDIAN OIL PETROL,INDIAN OIL PETROL,Transportation,846.58,0
synthetic-user-9,2025-05-01,SALARY CREDIT,SALARY CREDIT,Salary,752077.45,1
synthetic-user-9,2025-05-01,ZOMATO,ZOMATO,Food,336.47,0
synthetic-user-9,2025-05-04,ZOMATO,ZOMATO,Food,475.89,0
synthetic-user-9,2025-05-06,STARBUCKS,STARBUCKS,Food,257.65,0
synthetic-user-9,2025-05-07,BIGBASKET,BIGBASKET,Groceries,1421.83,0
synthetic-user-9,2025-05-07,APOLLO PHARMACY,APOLLO PHARMACY,Healthcare,416.77,0
synthetic-user-9,2025-05-08,UBER,UBER,Transportation,212.97,0
synthetic-user-9,2025-05-11,NETFLIX SUBSCRIPTION,NETFLIX SUBSCRIPTION,Subscription,579.75,0
synthetic-user-9,2025-05-14,UBER,UBER,Transportation,158.44,0
synthetic-user-9,2025-05-15,ZERODHA,ZERODHA,Investment,4770.01,0
synthetic-user-9,2025-05-18,MYNTRA,MYNTRA,Shopping,1612.57,0
synthetic-user-9,2025-05-20,ELECTRICITY BILL PAYMENT,ELECTRICITY BILL PAYMENT,Bills,2231.17,0
synthetic-user-9,2025-05-22,APOLLO PHARMACY,APOLLO PHARMACY,Healthcare,378.65,0
synthetic-user-9,2025-05-23,APOLLO PHARMACY,APOLLO PHARMACY,Healthcare,496.22,0
synthetic-user-9,2025-05-26,AIRTEL POSTPAID,AIRTEL POSTPAID,Utilities,568.21,0
synthetic-user-9,2025-05-26,FLIPKART,FLIPKART,Shopping,850.69,0
synthetic-user-9,2025-05-28,OLA CABS,OLA CABS,Transportation,2004.18,1
synthetic-user-9,2025-05-28,AMAZON,AMAZON,Shopping,1076.97,0
synthetic-user-9,2025-05-29,HOUSE RENT NEFT,HOUSE RENT NEFT,Rent,14243.26,0
synthetic-user-9,2025-05-31,INDIAN OIL PETROL,INDIAN OIL PETROL,Transportation,1064.49,0
synthetic-user-9,2025-06-01,FLIPKART,FLIPKART,Shopping,1126.99,0
synthetic-user-9,2025-06-02,MYNTRA,MYNTRA,Shopping,1624.11,0
synthetic-user-9,2025-06-05,BIGBASKET,BIGBASKET,Groceries,1342.86,0
synthetic-user-9,2025-06-08,ZOMATO,ZOMATO,Food,371.43,0
synthetic-user-9,2025-06-10,ELECTRICITY BILL PAYMENT,ELECTRICITY BILL PAYMENT,Bills,1625.35,0
synthetic-user-9,2025-06-11,SWIGGY,SWIGGY,Food,402.89,0
synthetic-user-9,2025-06-14,ZERODHA,ZERODHA,Investment,5903.46,0
synthetic-user-9,2025-06-15,INDIAN OIL PETROL,INDIAN OIL PETROL,Transportation,1047.83,0
synthetic-user-9,2025-06-16,AIRTEL POSTPAID,AIRTEL POSTPAID,Utilities,746.75,0
synthetic-user-9,2025-06-16,FLIPKART,FLIPKART,Shopping,954.62,0
synthetic-user-9,2025-06-19,MYNTRA,MYNTRA,Shopping,1754.38,0
synthetic-user-9,2025-06-19,AMAZON,AMAZON,Shopping,1316.15,0
synthetic-user-9,2025-06-19,ELECTRICITY BILL PAYMENT,ELECTRICITY BILL PAYMENT,Bills,2226.01,0
synthetic-user-9,2025-06-20,OLA CABS,OLA CABS,Transportation,165.89,0
synthetic-user-9,2025-06-23,OLA CABS,OLA CABS,Transportation,94.49,0
synthetic-user-9,2025-06-24,AMAZON,AMAZON,Shopping,969.44,0
synthetic-user-9,2025-06-27,STARBUCKS,STARBUCKS,Food,279.46,0
synthetic-user-9,2025-06-29,MYNTRA,MYNTRA,Shopping,1651.01,0
synthetic-user-9,2025-07-01,SWIGGY,SWIGGY,Food,353.94,0
synthetic-user-9,2025-07-03,HOUSE RENT NEFT,HOUSE RENT NEFT,Rent,13640.24,0
synthetic-user-9,2025-07-04,INDIAN OIL PETROL,INDIAN OIL PETROL,Transportation,1045.12,0
synthetic-user-9,2025-07-04,ZOMATO,ZOMATO,Food,455.18,0
synthetic-user-9,2025-07-05,DMART,DMART,Groceries,2377.21,0
synthetic-user-9,2025-07-05,BIGBASKET,BIGBASKET,Groceries,1193.96,0
synthetic-user-9,2025-07-07,SWIGGY,SWIGGY,Food,307.6,0
synthetic-user-9,2025-07-08,ZERODHA,ZERODHA,Investment,6071.72,0
synthetic-user-9,2025-07-10,DMART,DMART,Groceries,1849.23,0
synthetic-user-9,2025-07-13,ZERODHA,ZERODHA,Investment,3951.55,0
synthetic-user-9,2025-07-13,ZOMATO,ZOMATO,Food,377.55,0
synthetic-user-9,2025-07-15,SWIGGY,SWIGGY,Food,440.53,0
synthetic-user-9,2025-07-15,AMAZON,AMAZON,Shopping,993.25,0
synthetic-user-9,2025-07-17,SWIGGY,SWIGGY,Food,250.92,0
synthetic-user-10,2025-01-13,AIRTEL POSTPAID,AIRTEL POSTPAID,Utilities,457.89,0
synthetic-user-10,2025-01-15,APOLLO PHARMACY,APOLLO PHARMACY,Healthcare,444.31,0
synthetic-user-10,2025-01-15,ZERODHA,ZERODHA,Investment,5941.09,0
synthetic-user-10,2025-01-15,FLIPKART,FLIPKART,Shopping,8001.42,1
synthetic-user-10,2025-01-18,SWIGGY,SWIGGY,Food,336.05,0
synthetic-user-10,2025-01-20,NETFLIX SUBSCRIPTION,NETFLIX SUBSCRIPTION,Subscription,598.54,0
synthetic-user-10,2025-01-22,AMAZON,AMAZON,Shopping,1106.43,0
synthetic-user-10,2025-01-25,SWIGGY,SWIGGY,Food,470.32,0
synthetic-user-10,2025-01-26,AIRTEL POSTPAID,AIRTEL POSTPAID,Utilities,523.6,0
synthetic-user-10,2025-01-27,AIRTEL POSTPAID,AIRTEL POSTPAID,Utilities,464.88,0
synthetic-user-10,2025-01-28,DMART,DMART,Groceries,1941.37,0
synthetic-user-10,2025-01-31,MYNTRA,MYNTRA,Shopping,1386.44,0
synthetic-user-10,2025-02-01,OLA CABS,OLA CABS,Transportation,184.51,0
synthetic-user-10,2025-02-02,ZERODHA,ZERODHA,Investment,5670.33,0
synthetic-user-10,2025-02-03,UBER,UBER,Transportation,182.88,0
synthetic-user-10,2025-02-05,APOLLO PHARMACY,APOLLO PHARMACY,Healthcare,482.13,0
synthetic-user-10,2025-02-07,DMART,DMART,Groceries,1952.21,0
synthetic-user-10,2025-02-07,ELECTRICITY BILL PAYMENT,ELECTRICITY BILL PAYMENT,Bills,2472.29,0
synthetic-user-10,2025-02-09,OLA CABS,OLA CABS,Transportation,174.46,0
synthetic-user-10,2025-02-09,SWIGGY,SWIGGY,Food,355.64,0
synthetic-user-10,2025-02-11,INDIAN OIL PETROL,INDIAN OIL PETROL,Transportation,794.23,0
synthetic-user-10,2025-02-12,SWIGGY,SWIGGY,Food,299.2,0
synthetic-user-10,2025-02-15,SALARY CREDIT,SALARY CREDIT,Salary,76512.26,0
synthetic-user-10,2025-02-17,AIRTEL POSTPAID,AIRTEL POSTPAID,Utilities,550.2,0
synthetic-user-10,2025-02-18,ELECTRICITY BILL PAYMENT,ELECTRICITY BILL PAYMENT,Bills,2209.64,0
synthetic-user-10,2025-02-18,ELECTRICITY BILL PAYMENT,ELECTRICITY BILL PAYMENT,Bills,2284.47,0
synthetic-user-10,2025-02-19,STARBUCKS,STARBUCKS,Food,305.11,0
synthetic-user-10,2025-02-20,HOUSE RENT NEFT,HOUSE RENT NEFT,Rent,16752.62,0
synthetic-user-10,2025-02-22,INDIAN OIL PETROL,INDIAN OIL PETROL,Transportation,870.99,0
synthetic-user-10,2025-02-25,ZOMATO,ZOMATO,Food,312.86,0
synthetic-user-10,2025-02-27,APOLLO PHARMACY,APOLLO PHARMACY,Healthcare,371.02,0
synthetic-user-10,2025-02-27,HOUSE RENT NEFT,HOUSE RENT NEFT,Rent,10554.99,0
synthetic-user-10,2025-02-28,AIRTEL POSTPAID,AIRTEL POSTPAID,Utilities,648.28,0
synthetic-user-10,2025-02-28,ZERODHA,ZERODHA,Investment,5182.86,0
synthetic-user-10,2025-03-01,AIRTEL POSTPAID,AIRTEL POSTPAID,Utilities,369.71,0
synthetic-user-10,2025-03-03,FLIPKART,FLIPKART,Shopping,847.44,0
synthetic-user-10,2025-03-03,DMART,DMART,Groceries,2075.6,0
synthetic-user-10,2025-03-06,HOUSE RENT NEFT,HOUSE RENT NEFT,Rent,17234.95,0
synthetic-user-10,2025-03-07,APOLLO PHARMACY,APOLLO PHARMACY,Healthcare,492.81,0
synthetic-user-10,2025-03-08,MYNTRA,MYNTRA,Shopping,1365.41,0
synthetic-user-10,2025-03-09,STARBUCKS,STARBUCKS,Food,257.15,0
synthetic-user-10,2025-03-11,UBER,UBER,Transportation,196.96,0
synthetic-user-10,2025-03-11,NETFLIX SUBSCRIPTION,NETFLIX SUBSCRIPTION,Subscription,599.99,0
synthetic-user-10,2025-03-11,AIRTEL POSTPAID,AIRTEL POSTPAID,Utilities,563.63,0
synthetic-user-10,2025-03-12,AIRTEL POSTPAID,AIRTEL POSTPAID,Utilities,357.27,0
synthetic-user-10,2025-03-12,MYNTRA,MYNTRA,Shopping,1197.28,0
synthetic-user-10,2025-03-13,DMART,DMART,Groceries,1823.86,0
synthetic-user-10,2025-03-14,ZOMATO,ZOMATO,Food,354.81,0
synthetic-user-10,2025-03-17,UBER,UBER,Transportation,212.5,0
synthetic-user-10,2025-03-17,OLA CABS,OLA CABS,Transportation,225.97,0
synthetic-user-10,2025-03-17,SALARY CREDIT,SALARY CREDIT,Salary,65368.52,0
synthetic-user-10,2025-03-17,SALARY CREDIT,SALARY CREDIT,Salary,65989.12,0
synthetic-user-10,2025-03-20,HOUSE RENT NEFT,HOUSE RENT NEFT,Rent,17991.2,0
synthetic-user-10,2025-03-20,SWIGGY,SWIGGY,Food,352.2,0
synthetic-user-10,2025-03-21,DMART,DMART,Groceries,2377.51,0
synthetic-user-10,2025-03-21,ZOMATO,ZOMATO,Food,409.41,0
synthetic-user-10,2025-03-23,STARBUCKS,STARBUCKS,Food,257.62,0
synthetic-user-10,2025-03-23,UBER,UBER,Transportation,212.98,0
synthetic-user-10,2025-03-24,NETFLIX SUBSCRIPTION,NETFLIX SUBSCRIPTION,Subscription,716.6,0
synthetic-user-10,2025-03-24,FLIPKART,FLIPKART,Shopping,858.56,0
synthetic-user-10,2025-03-24,APOLLO PHARMACY,APOLLO PHARMACY,Healthcare,579.26,0
synthetic-user-10,2025-03-24,DMART,DMART,Groceries,2427.99,0
synthetic-user-10,2025-03-26,ZERODHA,ZERODHA,Investment,6030.68,0
synthetic-user-10,2025-03-27,ZOMATO,ZOMATO,Food,475.05,0
synthetic-user-10,2025-03-27,FLIPKART,FLIPKART,Shopping,1153.84,0
synthetic-user-10,2025-03-30,MYNTRA,MYNTRA,Shopping,1482.14,0
synthetic-user-10,2025-04-01,SALARY CREDIT,SALARY CREDIT,Salary,77733.76,0
synthetic-user-10,2025-04-04,UBER,UBER,Transportation,216.26,0
synthetic-user-10,2025-04-06,SWIGGY,SWIGGY,Food,324.49,0
synthetic-user-10,2025-04-06,BIGBASKET,BIGBASKET,Groceries,15637.22,1
synthetic-user-10,2025-04-07,ELECTRICITY BILL PAYMENT,ELECTRICITY BILL PAYMENT,Bills,1944.91,0
synthetic-user-10,2025-04-08,LUXURY WATCH BOUTIQUE,LUXURY WATCH BOUTIQUE,Shopping,26448.79,1
synthetic-user-10,2025-04-08,ZERODHA,ZERODHA,Investment,5347.59,0
synthetic-user-10,2025-04-10,BIGBASKET,BIGBASKET,Groceries,1419.33,0
synthetic-user-10,2025-04-10,OLA CABS,OLA CABS,Transportation,157.3,0
synthetic-user-10,2025-04-12,SALARY CREDIT,SALARY CREDIT,Salary,80057.18,0
synthetic-user-10,2025-04-13,HOUSE RENT NEFT,HOUSE RENT NEFT,Rent,12979.17,0
synthetic-user-10,2025-04-15,ELECTRICITY BILL PAYMENT,ELECTRICITY BILL PAYMENT,Bills,2300.72,0
synthetic-user-10,2025-04-17,MYNTRA,MYNTRA,Shopping,1466.51,0
synthetic-user-10,2025-04-17,MYNTRA,MYNTRA,Shopping,1644.19,0
synthetic-user-10,2025-04-19,DMART,DMART,Groceries,1402.38,0
synthetic-user-10,2025-04-21,MYNTRA,MYNTRA,Shopping,1814.11,0
synthetic-user-10,2025-04-22,AIRTEL POSTPAID,AIRTEL POSTPAID,Utilities,586.04,0
synthetic-user-10,2025-04-23,FLIPKART,FLIPKART,Shopping,963.84,0
synthetic-user-10,2025-04-23,STARBUCKS,STARBUCKS,Food,218.69,0
synthetic-user-10,2025-04-26,NETFLIX SUBSCRIPTION,NETFLIX SUBSCRIPTION,Subscription,420.95,0
synthetic-user-10,2025-04-27,UBER,UBER,Transportation,221.91,0
synthetic-user-10,2025-04-27,ZOMATO,ZOMATO,Food,423.05,0
synthetic-user-10,2025-04-30,SALARY CREDIT,SALARY CREDIT,Salary,43763.33,0
synthetic-user-10,2025-05-01,SALARY CREDIT,SALARY CREDIT,Salary,63692.66,0
synthetic-user-10,2025-05-03,BIGBASKET,BIGBASKET,Groceries,1227.65,0
synthetic-user-10,2025-05-04,ZOMATO,ZOMATO,Food,308.18,0
synthetic-user-10,2025-05-04,STARBUCKS,STARBUCKS,Food,1999.93,1
synthetic-user-10,2025-05-04,FLIPKART,FLIPKART,Shopping,1059.91,0
synthetic-user-10,2025-05-04,FLIPKART,FLIPKART,Shopping,933.81,0
synthetic-user-10,2025-05-05,AMAZON,AMAZON,Shopping,1105.38,0
synthetic-user-10,2025-05-07,BIGBASKET,BIGBASKET,Groceries,1481.31,0
synthetic-user-10,2025-05-07,ZERODHA,ZERODHA,Investment,33071.26,1
synthetic-user-10,2025-05-09,AMAZON,AMAZON,Shopping,1304.32,0
synthetic-user-10,2025-05-10,FLIPKART,FLIPKART,Shopping,917.84,0
synthetic-user-10,2025-05-12,MYNTRA,MYNTRA,Shopping,1438.1,0
synthetic-user-10,2025-05-15,SWIGGY,SWIGGY,Food,272.56,0
synthetic-user-10,2025-05-15,STARBUCKS,STARBUCKS,Food,260.29,0
synthetic-user-10,2025-05-18,HOUSE RENT NEFT,HOUSE RENT NEFT,Rent,13549.83,0
synthetic-user-10,2025-05-19,APOLLO PHARMACY,APOLLO PHARMACY,Healthcare,411.0,0
synthetic-user-10,2025-05-19,HOUSE RENT NEFT,HOUSE RENT NEFT,Rent,14095.1,0
synthetic-user-10,2025-05-22,FLIPKART,FLIPKART,Shopping,972.63,0
synthetic-user-10,2025-05-25,INDIAN OIL PETROL,INDIAN OIL PETROL,Transportation,1197.5,0
synthetic-user-10,2025-05-27,AIRTEL POSTPAID,AIRTEL POSTPAID,Utilities,749.01,0
synthetic-user-10,2025-05-28,MYNTRA,MYNTRA,Shopping,1612.31,0
synthetic-user-10,2025-05-31,STARBUCKS,STARBUCKS,Food,174.7,0
synthetic-user-10,2025-06-03,SALARY CREDIT,SALARY CREDIT,Salary,59208.7,0
synthetic-user-10,2025-06-05,DMART,DMART,Groceries,2044.27,0
synthetic-user-10,2025-06-05,BIGBASKET,BIGBASKET,Groceries,1350.51,0
synthetic-user-10,2025-06-07,AIRTEL POSTPAID,AIRTEL POSTPAID,Utilities,714.59,0
synthetic-user-10,2025-06-10,INDIAN OIL PETROL,INDIAN OIL PETROL,Transportation,613.21,0
synthetic-user-10,2025-06-13,OLA CABS,OLA CABS,Transportation,158.37,0
synthetic-user-10,2025-06-16,ELECTRICITY BILL PAYMENT,ELECTRICITY BILL PAYMENT,Bills,1924.5,0
synthetic-user-10,2025-06-17,STARBUCKS,STARBUCKS,Food,235.93,0
synthetic-user-10,2025-06-20,HOUSE RENT NEFT,HOUSE RENT NEFT,Rent,14534.77,0
synthetic-user-11,2025-01-16,AIRTEL POSTPAID,AIRTEL POSTPAID,Utilities,635.25,0
synthetic-user-11,2025-01-16,AIRTEL POSTPAID,AIRTEL POSTPAID,Utilities,538.56,0
synthetic-user-11,2025-01-16,DMART,DMART,Groceries,2381.68,0
synthetic-user-11,2025-01-16,DMART,DMART,Groceries,1761.74,0
synthetic-user-11,2025-01-19,MYNTRA,MYNTRA,Shopping,1554.39,0
synthetic-user-11,2025-01-21,FLIPKART,FLIPKART,Shopping,1307.19,0
synthetic-user-11,2025-01-23,SWIGGY,SWIGGY,Food,289.57,0
synthetic-user-11,2025-01-26,FLIPKART,FLIPKART,Shopping,1298.16,0
synthetic-user-11,2025-01-26,NETFLIX SUBSCRIPTION,NETFLIX SUBSCRIPTION,Subscription,4321.17,1
synthetic-user-11,2025-01-28,INDIAN OIL PETROL,INDIAN OIL PETROL,Transportation,1123.31,0
synthetic-user-11,2025-01-31,AIRTEL POSTPAID,AIRTEL POSTPAID,Utilities,498.92,0
synthetic-user-11,2025-02-03,APOLLO PHARMACY,APOLLO PHARMACY,Healthcare,374.61,0
synthetic-user-11,2025-02-04,SALARY CREDIT,SALARY CREDIT,Salary,72969.15,0
synthetic-user-11,2025-02-06,DMART,DMART,Groceries,2292.9,0
synthetic-user-11,2025-02-08,DMART,DMART,Groceries,2076.95,0
synthetic-user-11,2025-02-08,SALARY CREDIT,SALARY CREDIT,Salary,67810.81,0
synthetic-user-11,2025-02-11,DMART,DMART,Groceries,2370.7,0
synthetic-user-11,2025-02-14,ELECTRICITY BILL PAYMENT,ELECTRICITY BILL PAYMENT,Bills,2439.99,0
synthetic-user-11,2025-02-15,ELECTRICITY BILL PAYMENT,ELECTRICITY BILL PAYMENT,Bills,1858.26,0
synthetic-user-11,2025-02-17,ELECTRICITY BILL PAYMENT,ELECTRICITY BILL PAYMENT,Bills,2084.07,0
synthetic-user-11,2025-02-17,INDIAN OIL PETROL,INDIAN OIL PETROL,Transportation,972.0,0
synthetic-user-11,2025-02-19,LUXURY WATCH BOUTIQUE,LUXURY WATCH BOUTIQUE,Shopping,46719.71,1
synthetic-user-11,2025-02-19,STARBUCKS,STARBUCKS,Food,221.13,0
synthetic-user-11,2025-02-20,ZERODHA,ZERODHA,Investment,7140.07,0
synthetic-user-11,2025-02-22,STARBUCKS,STARBUCKS,Food,238.92,0
synthetic-user-11,2025-02-22,STARBUCKS,STARBUCKS,Food,231.21,0
synthetic-user-11,2025-02-24,MYNTRA,MYNTRA,Shopping,1243.6,0
synthetic-user-11,2025-02-24,ZERODHA,ZERODHA,Investment,5813.96,0
synthetic-user-11,2025-02-26,FLIPKART,FLIPKART,Shopping,890.94,0
synthetic-user-11,2025-02-28,FLIPKART,FLIPKART,Shopping,972.14,0
synthetic-user-11,2025-02-28,UBER,UBER,Transportation,161.76,0
synthetic-user-11,2025-02-28,FLIPKART,FLIPKART,Shopping,1075.91,0
synthetic-user-11,2025-03-02,DMART,DMART,Groceries,1608.63,0
synthetic-user-11,2025-03-02,AMAZON,AMAZON,Shopping,1196.79,0
synthetic-user-11,2025-03-04,SWIGGY,SWIGGY,Food,422.61,0
synthetic-user-11,2025-03-04,DMART,DMART,Groceries,1844.25,0
synthetic-user-11,2025-03-05,INDIAN OIL PETROL,INDIAN OIL PETROL,Transportation,878.71,0
synthetic-user-11,2025-03-08,ZERODHA,ZERODHA,Investment,5444.74,0
synthetic-user-11,2025-03-08,DMART,DMART,Groceries,1790.42,0
synthetic-user-11,2025-03-11,ELECTRICITY BILL PAYMENT,ELECTRICITY BILL PAYMENT,Bills,2231.05,0
synthetic-user-11,2025-03-14,UBER,UBER,Transportation,178.06,0
synthetic-user-11,2025-03-15,NETFLIX SUBSCRIPTION,NETFLIX SUBSCRIPTION,Subscription,720.89,0
synthetic-user-11,2025-03-15,HOUSE RENT NEFT,HOUSE RENT NEFT,Rent,15590.24,0
synthetic-user-11,2025-03-18,SALARY CREDIT,SALARY CREDIT,Salary,64605.99,0
synthetic-user-11,2025-03-19,AIRTEL POSTPAID,AIRTEL POSTPAID,Utilities,448.91,0
synthetic-user-11,2025-03-22,ZERODHA,ZERODHA,Investment,5079.47,0
synthetic-user-11,2025-03-25,MYNTRA,MYNTRA,Shopping,1474.7,0
synthetic-user-11,2025-03-25,APOLLO PHARMACY,APOLLO PHARMACY,Healthcare,340.3,0
synthetic-user-11,2025-03-28,AMAZON,AMAZON,Shopping,857.81,0
synthetic-user-11,2025-03-30,BIGBASKET,BIGBASKET,Groceries,1489.99,0
synthetic-user-11,2025-04-02,INDIAN OIL PETROL,INDIAN OIL PETROL,Transportation,1198.6,0
synthetic-user-11,2025-04-03,UBER,UBER,Transportation,198.31,0
synthetic-user-11,2025-04-03,SWIGGY,SWIGGY,Food,357.06,0
synthetic-user-11,2025-04-06,BIGBASKET,BIGBASKET,Groceries,1417.44,0
synthetic-user-11,2025-04-08,ZOMATO,ZOMATO,Food,348.68,0
synthetic-user-11,2025-04-08,ZOMATO,ZOMATO,Food,481.26,0
synthetic-user-11,2025-04-09,BIGBASKET,BIGBASKET,Groceries,1376.03,0
synthetic-user-11,2025-04-09,DMART,DMART,Groceries,1637.42,0
synthetic-user-11,2025-04-10,UBER,UBER,Transportation,235.82,0
synthetic-user-11,2025-04-12,STARBUCKS,STARBUCKS,Food,195.41,0
synthetic-user-11,2025-04-14,MYNTRA,MYNTRA,Shopping,1110.22,0
synthetic-user-11,2025-04-16,STARBUCKS,STARBUCKS,Food,247.7,0
synthetic-user-11,2025-04-19,ZOMATO,ZOMATO,Food,421.22,0
synthetic-user-11,2025-04-21,AMAZON,AMAZON,Shopping,1229.87,0
synthetic-user-11,2025-04-22,UBER,UBER,Transportation,210.23,0
synthetic-user-11,2025-04-25,APOLLO PHARMACY,APOLLO PHARMACY,Healthcare,455.56,0
synthetic-user-11,2025-04-25,AMAZON,AMAZON,Shopping,1074.51,0
synthetic-user-11,2025-04-25,FOREIGN CURRENCY EXCHANGE,FOREIGN CURRENCY EXCHANGE,Other,26276.84,1
synthetic-user-11,2025-04-28,FOREIGN CURRENCY EXCHANGE,FOREIGN CURRENCY EXCHANGE,Other,43815.09,1
synthetic-user-11,2025-04-28,AMAZON,AMAZON,Shopping,1293.34,0
synthetic-user-11,2025-05-01,ZERODHA,ZERODHA,Investment,5546.81,0
synthetic-user-11,2025-05-04,AIRTEL POSTPAID,AIRTEL POSTPAID,Utilities,686.23,0
synthetic-user-11,2025-05-04,SWIGGY,SWIGGY,Food,274.03,0
synthetic-user-11,2025-05-07,SALARY CREDIT,SALARY CREDIT,Salary,73736.56,0
synthetic-user-11,2025-05-09,FLIPKART,FLIPKART,Shopping,1128.14,0
synthetic-user-11,2025-05-12,STARBUCKS,STARBUCKS,Food,201.29,0
synthetic-user-11,2025-05-14,HOUSE RENT NEFT,HOUSE RENT NEFT,Rent,18300.48,0
synthetic-user-11,2025-05-16,UBER,UBER,Transportation,126.02,0
synthetic-user-11,2025-05-17,AIRTEL POSTPAID,AIRTEL POSTPAID,Utilities,520.05,0
synthetic-user-11,2025-05-17,NETFLIX SUBSCRIPTION,NETFLIX SUBSCRIPTION,Subscription,447.17,0
synthetic-user-11,2025-05-20,DMART,DMART,Groceries,2052.87,0
synthetic-user-11,2025-05-20,INDIAN OIL PETROL,INDIAN OIL PETROL,Transportation,946.01,0
synthetic-user-11,2025-05-22,HOUSE RENT NEFT,HOUSE RENT NEFT,Rent,15054.87,0
synthetic-user-11,2025-05-22,FOREIGN CURRENCY EXCHANGE,FOREIGN CURRENCY EXCHANGE,Other,16926.65,1
synthetic-user-11,2025-05-22,ZERODHA,ZERODHA,Investment,3909.19,0
synthetic-user-11,2025-05-23,INDIAN OIL PETROL,INDIAN OIL PETROL,Transportation,1058.4,0
synthetic-user-11,2025-05-23,FOREIGN CURRENCY EXCHANGE,FOREIGN CURRENCY EXCHANGE,Other,15857.84,1
synthetic-user-11,2025-05-23,DMART,DMART,Groceries,2422.85,0
synthetic-user-11,2025-05-25,BIGBASKET,BIGBASKET,Groceries,1528.7,0
synthetic-user-11,2025-05-28,STARBUCKS,STARBUCKS,Food,257.35,0
synthetic-user-11,2025-05-31,INDIAN OIL PETROL,INDIAN OIL PETROL,Transportation,935.23,0
synthetic-user-11,2025-05-31,ELECTRICITY BILL PAYMENT,ELECTRICITY BILL PAYMENT,Bills,1872.72,0
synthetic-user-11,2025-06-03,APOLLO PHARMACY,APOLLO PHARMACY,Healthcare,559.49,0
synthetic-user-11,2025-06-04,OLA CABS,OLA CABS,Transportation,183.23,0
synthetic-user-11,2025-06-06,AMAZON,AMAZON,Shopping,959.58,0
synthetic-user-11,2025-06-07,UBER,UBER,Transportation,187.39,0
synthetic-user-11,2025-06-10,ZOMATO,ZOMATO,Food,328.11,0
synthetic-user-11,2025-06-11,AIRTEL POSTPAID,AIRTEL POSTPAID,Utilities,601.76,0
synthetic-user-11,2025-06-14,SWIGGY,SWIGGY,Food,340.82,0
synthetic-user-11,2025-06-15,FLIPKART,FLIPKART,Shopping,764.6,0
synthetic-user-11,2025-06-18,OLA CABS,OLA CABS,Transportation,204.62,0
synthetic-user-11,2025-06-19,ZERODHA,ZERODHA,Investment,4472.05,0
synthetic-user-11,2025-06-20,ZOMATO,ZOMATO,Food,413.6,0
synthetic-user-11,2025-06-21,STARBUCKS,STARBUCKS,Food,204.32,0
synthetic-user-11,2025-06-23,APOLLO PHARMACY,APOLLO PHARMACY,Healthcare,365.48,0
synthetic-user-11,2025-06-24,ZERODHA,ZERODHA,Investment,6030.74,0
synthetic-user-11,2025-06-25,OLA CABS,OLA CABS,Transportation,174.55,0
synthetic-user-11,2025-06-27,BIGBASKET,BIGBASKET,Groceries,1598.77,0
synthetic-user-11,2025-06-30,UBER,UBER,Transportation,156.33,0
synthetic-user-11,2025-06-30,NETFLIX SUBSCRIPTION,NETFLIX SUBSCRIPTION,Subscription,626.28,0
synthetic-user-11,2025-07-02,HOUSE RENT NEFT,HOUSE RENT NEFT,Rent,17344.99,0
synthetic-user-11,2025-07-02,ZOMATO,ZOMATO,Food,433.24,0
synthetic-user-11,2025-07-02,BIGBASKET,BIGBASKET,Groceries,1436.35,0
synthetic-user-11,2025-07-02,HOUSE RENT NEFT,HOUSE RENT NEFT,Rent,13331.03,0
synthetic-user-11,2025-07-03,MYNTRA,MYNTRA,Shopping,1390.06,0
synthetic-user-11,2025-07-04,MYNTRA,MYNTRA,Shopping,1523.03,0
synthetic-user-11,2025-07-07,AIRTEL POSTPAID,AIRTEL POSTPAID,Utilities,664.46,0
synthetic-user-11,2025-07-08,SALARY CREDIT,SALARY CREDIT,Salary,74830.42,0
synthetic-user-11,2025-07-09,HOUSE RENT NEFT,HOUSE RENT NEFT,Rent,15806.11,0
synthetic-user-11,2025-07-10,DMART,DMART,Groceries,1809.79,0
synthetic-user-12,2025-01-14,DMART,DMART,Groceries,2051.73,0
synthetic-user-12,2025-01-14,ZOMATO,ZOMATO,Food,394.43,0
synthetic-user-12,2025-01-17,UBER,UBER,Transportation,214.29,0
synthetic-user-12,2025-01-19,FLIPKART,FLIPKART,Shopping,789.36,0
synthetic-user-12,2025-01-20,APOLLO PHARMACY,APOLLO PHARMACY,Healthcare,377.77,0
synthetic-user-12,2025-01-21,ZERODHA,ZERODHA,Investment,2531.62,0
synthetic-user-12,2025-01-24,AMAZON,AMAZON,Shopping,1240.21,0
synthetic-user-12,2025-01-24,INDIAN OIL PETROL,INDIAN OIL PETROL,Transportation,1002.18,0
synthetic-user-12,2025-01-25,DMART,DMART,Groceries,2320.17,0
synthetic-user-12,2025-01-25,ZOMATO,ZOMATO,Food,465.54,0
synthetic-user-12,2025-01-25,AIRTEL POSTPAID,AIRTEL POSTPAID,Utilities,624.24,0
synthetic-user-12,2025-01-28,BIGBASKET,BIGBASKET,Groceries,1340.5,0
synthetic-user-12,2025-01-28,ELECTRICITY BILL PAYMENT,ELECTRICITY BILL PAYMENT,Bills,2272.06,0
synthetic-user-12,2025-01-29,FLIPKART,FLIPKART,Shopping,1038.15,0
synthetic-user-12,2025-01-29,FLIPKART,FLIPKART,Shopping,1554.32,0
synthetic-user-12,2025-01-30,SWIGGY,SWIGGY,Food,407.97,0
synthetic-user-12,2025-01-31,AIRTEL POSTPAID,AIRTEL POSTPAID,Utilities,584.19,0
synthetic-user-12,2025-02-01,NETFLIX SUBSCRIPTION,NETFLIX SUBSCRIPTION,Subscription,542.83,0
synthetic-user-12,2025-02-01,STARBUCKS,STARBUCKS,Food,208.16,0
synthetic-user-12,2025-02-04,MYNTRA,MYNTRA,Shopping,1314.81,0
synthetic-user-12,2025-02-06,APOLLO PHARMACY,APOLLO PHARMACY,Healthcare,439.07,0
synthetic-user-12,2025-02-07,STARBUCKS,STARBUCKS,Food,225.34,0
synthetic-user-12,2025-02-07,NETFLIX SUBSCRIPTION,NETFLIX SUBSCRIPTION,Subscription,588.54,0
synthetic-user-12,2025-02-07,NETFLIX SUBSCRIPTION,NETFLIX SUBSCRIPTION,Subscription,621.54,0
synthetic-user-12,2025-02-09,APOLLO PHARMACY,APOLLO PHARMACY,Healthcare,454.21,0
synthetic-user-12,2025-02-09,OLA CABS,OLA CABS,Transportation,195.73,0
synthetic-user-12,2025-02-09,OLA CABS,OLA CABS,Transportation,198.63,0
synthetic-user-12,2025-02-10,AMAZON,AMAZON,Shopping,1011.3,0
synthetic-user-12,2025-02-10,NETFLIX SUBSCRIPTION,NETFLIX SUBSCRIPTION,Subscription,646.71,0
synthetic-user-12,2025-02-13,ZERODHA,ZERODHA,Investment,5405.19,0
synthetic-user-12,2025-02-15,NETFLIX SUBSCRIPTION,NETFLIX SUBSCRIPTION,Subscription,552.7,0
synthetic-user-12,2025-02-15,HOUSE RENT NEFT,HOUSE RENT NEFT,Rent,16911.03,0
synthetic-user-12,2025-02-16,STARBUCKS,STARBUCKS,Food,269.47,0
synthetic-user-12,2025-02-16,BIGBASKET,BIGBASKET,Groceries,1413.99,0
synthetic-user-12,2025-02-17,SWIGGY,SWIGGY,Food,291.88,0
synthetic-user-12,2025-02-19,APOLLO PHARMACY,APOLLO PHARMACY,Healthcare,519.57,0
synthetic-user-12,2025-02-22,SWIGGY,SWIGGY,Food,325.25,0
synthetic-user-12,2025-02-24,SWIGGY,SWIGGY,Food,376.45,0
synthetic-user-12,2025-02-26,MYNTRA,MYNTRA,Shopping,1382.0,0
synthetic-user-12,2025-02-28,ZERODHA,ZERODHA,Investment,5444.47,0
synthetic-user-12,2025-03-02,FLIPKART,FLIPKART,Shopping,863.57,0
synthetic-user-12,2025-03-03,INDIAN OIL PETROL,INDIAN OIL PETROL,Transportation,603.34,0
synthetic-user-12,2025-03-03,FLIPKART,FLIPKART,Shopping,1039.4,0
synthetic-user-12,2025-03-06,UBER,UBER,Transportation,194.16,0
synthetic-user-12,2025-03-07,DMART,DMART,Groceries,1761.18,0
synthetic-user-12,2025-03-08,ZOMATO,ZOMATO,Food,478.38,0
synthetic-user-12,2025-03-11,UBER,UBER,Transportation,198.47,0
synthetic-user-12,2025-03-12,ZOMATO,ZOMATO,Food,316.1,0
synthetic-user-12,2025-03-13,APOLLO PHARMACY,APOLLO PHARMACY,Healthcare,289.13,0
synthetic-user-12,2025-03-14,BIGBASKET,BIGBASKET,Groceries,1701.08,0
synthetic-user-12,2025-03-17,HOUSE RENT NEFT,HOUSE RENT NEFT,Rent,13901.71,0
synthetic-user-12,2025-03-19,APOLLO PHARMACY,APOLLO PHARMACY,Healthcare,509.84,0
synthetic-user-12,2025-03-21,FLIPKART,FLIPKART,Shopping,979.45,0
synthetic-user-12,2025-03-22,HOUSE RENT NEFT,HOUSE RENT NEFT,Rent,14419.18,0
synthetic-user-12,2025-03-25,DMART,DMART,Groceries,2124.29,0
synthetic-user-12,2025-03-25,AIRTEL POSTPAID,AIRTEL POSTPAID,Utilities,552.12,0
synthetic-user-12,2025-03-27,ZOMATO,ZOMATO,Food,371.5,0
synthetic-user-12,2025-03-28,INDIAN OIL PETROL,INDIAN OIL PETROL,Transportation,1050.01,0
synthetic-user-12,2025-03-29,HOUSE RENT NEFT,HOUSE RENT NEFT,Rent,150935.7,1
synthetic-user-12,2025-03-29,AIRTEL POSTPAID,AIRTEL POSTPAID,Utilities,448.57,0
synthetic-user-12,2025-03-30,ZERODHA,ZERODHA,Investment,6537.42,0
synthetic-user-12,2025-04-01,ELECTRICITY BILL PAYMENT,ELECTRICITY BILL PAYMENT,Bills,1948.76,0
synthetic-user-12,2025-04-03,SWIGGY,SWIGGY,Food,339.45,0
synthetic-user-12,2025-04-06,STARBUCKS,STARBUCKS,Food,284.07,0
synthetic-user-12,2025-04-07,HOUSE RENT NEFT,HOUSE RENT NEFT,Rent,14875.91,0
synthetic-user-12,2025-04-10,ELECTRICITY BILL PAYMENT,ELECTRICITY BILL PAYMENT,Bills,1858.43,0
synthetic-user-12,2025-04-13,STARBUCKS,STARBUCKS,Food,269.75,0
synthetic-user-12,2025-04-15,AIRTEL POSTPAID,AIRTEL POSTPAID,Utilities,658.95,0
synthetic-user-12,2025-04-15,AMAZON,AMAZON,Shopping,10184.5,1
synthetic-user-12,2025-04-18,DMART,DMART,Groceries,2177.7,0
synthetic-user-12,2025-04-20,ZOMATO,ZOMATO,Food,507.67,0
synthetic-user-12,2025-04-22,FLIPKART,FLIPKART,Shopping,754.01,0
synthetic-user-12,2025-04-23,LUXURY WATCH BOUTIQUE,LUXURY WATCH BOUTIQUE,Shopping,28507.62,1
synthetic-user-12,2025-04-26,FLIPKART,FLIPKART,Shopping,1009.12,0
synthetic-user-12,2025-04-29,INDIAN OIL PETROL,INDIAN OIL PETROL,Transportation,1251.11,0
synthetic-user-12,2025-05-02,STARBUCKS,STARBUCKS,Food,261.34,0
synthetic-user-12,2025-05-04,ELECTRICITY BILL PAYMENT,ELECTRICITY BILL PAYMENT,Bills,2514.15,0
synthetic-user-12,2025-05-07,BIGBASKET,BIGBASKET,Groceries,1267.1,0
synthetic-user-12,2025-05-09,SWIGGY,SWIGGY,Food,367.64,0
synthetic-user-12,2025-05-09,HOUSE RENT NEFT,HOUSE RENT NEFT,Rent,13891.77,0
synthetic-user-12,2025-05-10,ZOMATO,ZOMATO,Food,391.12,0
synthetic-user-12,2025-05-12,FLIPKART,FLIPKART,Shopping,1154.86,0
synthetic-user-12,2025-05-12,UBER,UBER,Transportation,203.74,0
synthetic-user-12,2025-05-13,MYNTRA,MYNTRA,Shopping,1197.22,0
synthetic-user-12,2025-05-15,NETFLIX SUBSCRIPTION,NETFLIX SUBSCRIPTION,Subscription,754.68,0
synthetic-user-12,2025-05-16,NETFLIX SUBSCRIPTION,NETFLIX SUBSCRIPTION,Subscription,6926.68,1
synthetic-user-12,2025-05-19,UBER,UBER,Transportation,222.38,0
synthetic-user-12,2025-05-19,ZERODHA,ZERODHA,Investment,5087.48,0
synthetic-user-12,2025-05-19,STARBUCKS,STARBUCKS,Food,273.83,0
synthetic-user-12,2025-05-19,SWIGGY,SWIGGY,Food,305.01,0
synthetic-user-12,2025-05-21,HOUSE RENT NEFT,HOUSE RENT NEFT,Rent,15249.52,0
synthetic-user-12,2025-05-23,FLIPKART,FLIPKART,Shopping,1270.89,0
synthetic-user-12,2025-05-24,DMART,DMART,Groceries,2098.98,0
synthetic-user-12,2025-05-25,OLA CABS,OLA CABS,Transportation,187.47,0
synthetic-user-12,2025-05-25,SALARY CREDIT,SALARY CREDIT,Salary,67879.65,0
synthetic-user-12,2025-05-28,BIGBASKET,BIGBASKET,Groceries,1823.42,0
synthetic-user-12,2025-05-28,AMAZON,AMAZON,Shopping,1254.08,0
synthetic-user-12,2025-05-28,SWIGGY,SWIGGY,Food,352.62,0
synthetic-user-12,2025-05-29,OLA CABS,OLA CABS,Transportation,132.87,0
synthetic-user-12,2025-05-30,SWIGGY,SWIGGY,Food,435.46,0
synthetic-user-12,2025-06-01,NETFLIX SUBSCRIPTION,NETFLIX SUBSCRIPTION,Subscription,750.65,0
synthetic-user-12,2025-06-03,ZERODHA,ZERODHA,Investment,5198.75,0
synthetic-user-12,2025-06-03,SWIGGY,SWIGGY,Food,279.01,0
synthetic-user-12,2025-06-04,FLIPKART,FLIPKART,Shopping,1118.57,0
synthetic-user-12,2025-06-04,BIGBASKET,BIGBASKET,Groceries,1832.22,0
synthetic-user-12,2025-06-05,SALARY CREDIT,SALARY CREDIT,Salary,56307.81,0
synthetic-user-12,2025-06-08,BIGBASKET,BIGBASKET,Groceries,1723.35,0
synthetic-user-12,2025-06-09,AIRTEL POSTPAID,AIRTEL POSTPAID,Utilities,503.08,0
synthetic-user-12,2025-06-12,MYNTRA,MYNTRA,Shopping,1624.13,0
synthetic-user-12,2025-06-12,ZERODHA,ZERODHA,Investment,5835.25,0
synthetic-user-12,2025-06-14,ZOMATO,ZOMATO,Food,476.67,0
synthetic-user-12,2025-06-14,BIGBASKET,BIGBASKET,Groceries,1313.72,0
synthetic-user-12,2025-06-16,HOUSE RENT NEFT,HOUSE RENT NEFT,Rent,16646.8,0
synthetic-user-12,2025-06-17,FLIPKART,FLIPKART,Shopping,1157.83,0
synthetic-user-12,2025-06-17,SALARY CREDIT,SALARY CREDIT,Salary,64027.78,0
synthetic-user-12,2025-06-19,SALARY CREDIT,SALARY CREDIT,Salary,60393.88,0
synthetic-user-12,2025-06-19,AIRTEL POSTPAID,AIRTEL POSTPAID,Utilities,519.32,0
synthetic-user-12,2025-06-22,BIGBASKET,BIGBASKET,Groceries,1474.43,0
synthetic-user-12,2025-06-23,OLA CABS,OLA CABS,Transportation,123.07,0
synthetic-user-12,2025-06-25,AIRTEL POSTPAID,AIRTEL POSTPAID,Utilities,721.93,0
synthetic-user-13,2025-01-27,AMAZON,AMAZON,Shopping,1439.45,0
synthetic-user-13,2025-01-30,AIRTEL POSTPAID,AIRTEL POSTPAID,Utilities,706.21,0
synthetic-user-13,2025-01-31,BIGBASKET,BIGBASKET,Groceries,1478.91,0
synthetic-user-13,2025-01-31,SALARY CREDIT,SALARY CREDIT,Salary,67800.3,0
synthetic-user-13,2025-01-31,ZOMATO,ZOMATO,Food,542.32,0
synthetic-user-13,2025-01-31,SWIGGY,SWIGGY,Food,400.77,0
synthetic-user-13,2025-02-02,BIGBASKET,BIGBASKET,Groceries,1461.42,0
synthetic-user-13,2025-02-02,ZERODHA,ZERODHA,Investment,5146.61,0
synthetic-user-13,2025-02-03,SALARY CREDIT,SALARY CREDIT,Salary,47807.71,0
synthetic-user-13,2025-02-06,APOLLO PHARMACY,APOLLO PHARMACY,Healthcare,375.77,0
synthetic-user-13,2025-02-06,ZOMATO,ZOMATO,Food,498.92,0
synthetic-user-13,2025-02-09,BIGBASKET,BIGBASKET,Groceries,1354.43,0
synthetic-user-13,2025-02-12,ZOMATO,ZOMATO,Food,434.82,0
synthetic-user-13,2025-02-12,FLIPKART,FLIPKART,Shopping,1067.27,0
synthetic-user-13,2025-02-15,AIRTEL POSTPAID,AIRTEL POSTPAID,Utilities,563.34,0
synthetic-user-13,2025-02-18,SALARY CREDIT,SALARY CREDIT,Salary,57061.21,0
synthetic-user-13,2025-02-21,UBER,UBER,Transportation,161.47,0
synthetic-user-13,2025-02-21,SALARY CREDIT,SALARY CREDIT,Salary,57014.15,0
synthetic-user-13,2025-02-23,FLIPKART,FLIPKART,Shopping,920.89,0
synthetic-user-13,2025-02-25,ZOMATO,ZOMATO,Food,439.71,0
synthetic-user-13,2025-02-25,MYNTRA,MYNTRA,Shopping,1655.02,0
synthetic-user-13,2025-02-28,NETFLIX SUBSCRIPTION,NETFLIX SUBSCRIPTION,Subscription,749.19,0
synthetic-user-13,2025-02-28,INDIAN OIL PETROL,INDIAN OIL PETROL,Transportation,992.18,0
synthetic-user-13,2025-03-01,STARBUCKS,STARBUCKS,Food,261.67,0
synthetic-user-13,2025-03-03,UBER,UBER,Transportation,194.11,0
synthetic-user-13,2025-03-03,ZOMATO,ZOMATO,Food,283.88,0
synthetic-user-13,2025-03-06,SALARY CREDIT,SALARY CREDIT,Salary,69730.14,0
synthetic-user-13,2025-03-06,AIRTEL POSTPAID,AIRTEL POSTPAID,Utilities,527.35,0
synthetic-user-13,2025-03-06,BIGBASKET,BIGBASKET,Groceries,1415.08,0
synthetic-user-13,2025-03-07,ZERODHA,ZERODHA,Investment,5419.11,0
synthetic-user-13,2025-03-08,NETFLIX SUBSCRIPTION,NETFLIX SUBSCRIPTION,Subscription,515.19,0
synthetic-user-13,2025-03-11,STARBUCKS,STARBUCKS,Food,274.99,0
synthetic-user-13,2025-03-13,FLIPKART,FLIPKART,Shopping,843.33,0
synthetic-user-13,2025-03-16,STARBUCKS,STARBUCKS,Food,240.07,0
synthetic-user-13,2025-03-18,ZERODHA,ZERODHA,Investment,4034.77,0
synthetic-user-13,2025-03-21,NETFLIX SUBSCRIPTION,NETFLIX SUBSCRIPTION,Subscription,688.99,0
synthetic-user-13,2025-03-23,FLIPKART,FLIPKART,Shopping,791.09,0
synthetic-user-13,2025-03-26,MYNTRA,MYNTRA,Shopping,1570.44,0
synthetic-user-13,2025-03-29,APOLLO PHARMACY,APOLLO PHARMACY,Healthcare,515.14,0
synthetic-user-13,2025-03-30,ZERODHA,ZERODHA,Investment,5639.8,0
synthetic-user-13,2025-03-31,HOUSE RENT NEFT,HOUSE RENT NEFT,Rent,12758.67,0
synthetic-user-13,2025-04-02,APOLLO PHARMACY,APOLLO PHARMACY,Healthcare,497.82,0
synthetic-user-13,2025-04-05,ZOMATO,ZOMATO,Food,290.51,0
synthetic-user-13,2025-04-06,DMART,DMART,Groceries,2030.04,0
synthetic-user-13,2025-04-08,ELECTRICITY BILL PAYMENT,ELECTRICITY BILL PAYMENT,Bills,2745.67,0
synthetic-user-13,2025-04-10,STARBUCKS,STARBUCKS,Food,201.67,0
synthetic-user-13,2025-04-12,UBER,UBER,Transportation,156.73,0
synthetic-user-13,2025-04-14,INDIAN OIL PETROL,INDIAN OIL PETROL,Transportation,938.86,0
synthetic-user-13,2025-04-15,FLIPKART,FLIPKART,Shopping,8784.96,1
synthetic-user-13,2025-04-18,ZOMATO,ZOMATO,Food,416.43,0
synthetic-user-13,2025-04-19,DMART,DMART,Groceries,2520.89,0
synthetic-user-13,2025-04-21,UBER,UBER,Transportation,209.65,0
synthetic-user-13,2025-04-21,SALARY CREDIT,SALARY CREDIT,Salary,65661.69,0
synthetic-user-13,2025-04-21,FLIPKART,FLIPKART,Shopping,950.43,0
synthetic-user-13,2025-04-21,ELECTRICITY BILL PAYMENT,ELECTRICITY BILL PAYMENT,Bills,2592.5,0
synthetic-user-13,2025-04-21,DMART,DMART,Groceries,1729.53,0
synthetic-user-13,2025-04-22,ZERODHA,ZERODHA,Investment,5831.51,0
synthetic-user-13,2025-04-24,STARBUCKS,STARBUCKS,Food,231.36,0
synthetic-user-13,2025-04-25,MYNTRA,MYNTRA,Shopping,1357.55,0
synthetic-user-13,2025-04-28,INDIAN OIL PETROL,INDIAN OIL PETROL,Transportation,1174.6,0
synthetic-user-13,2025-05-01,BIGBASKET,BIGBASKET,Groceries,1769.9,0
synthetic-user-13,2025-05-04,ZOMATO,ZOMATO,Food,541.59,0
synthetic-user-13,2025-05-07,BIGBASKET,BIGBASKET,Groceries,1404.15,0
synthetic-user-13,2025-05-08,DMART,DMART,Groceries,2287.91,0
synthetic-user-13,2025-05-10,NETFLIX SUBSCRIPTION,NETFLIX SUBSCRIPTION,Subscription,657.71,0
synthetic-user-13,2025-05-10,ZOMATO,ZOMATO,Food,388.84,0
synthetic-user-13,2025-05-11,AIRTEL POSTPAID,AIRTEL POSTPAID,Utilities,516.53,0
synthetic-user-13,2025-05-13,BIGBASKET,BIGBASKET,Groceries,2028.67,0
synthetic-user-13,2025-05-14,AIRTEL POSTPAID,AIRTEL POSTPAID,Utilities,827.36,0
synthetic-user-13,2025-05-16,INDIAN OIL PETROL,INDIAN OIL PETROL,Transportation,1018.86,0
synthetic-user-13,2025-05-18,UBER,UBER,Transportation,236.6,0
synthetic-user-13,2025-05-21,AMAZON,AMAZON,Shopping,1071.78,0
synthetic-user-13,2025-05-21,SALARY CREDIT,SALARY CREDIT,Salary,55102.11,0
synthetic-user-13,2025-05-23,BIGBASKET,BIGBASKET,Groceries,1541.95,0
synthetic-user-13,2025-05-24,ZERODHA,ZERODHA,Investment,5716.73,0
synthetic-user-13,2025-05-26,SWIGGY,SWIGGY,Food,372.22,0
synthetic-user-13,2025-05-26,UBER,UBER,Transportation,163.7,0
synthetic-user-13,2025-05-27,LUXURY WATCH BOUTIQUE,LUXURY WATCH BOUTIQUE,Shopping,29117.48,1
synthetic-user-13,2025-05-27,INDIAN OIL PETROL,INDIAN OIL PETROL,Transportation,806.34,0
synthetic-user-13,2025-05-28,ELECTRICITY BILL PAYMENT,ELECTRICITY BILL PAYMENT,Bills,2276.64,0
synthetic-user-13,2025-05-31,DMART,DMART,Groceries,1746.22,0
synthetic-user-13,2025-06-02,MYNTRA,MYNTRA,Shopping,1545.85,0
synthetic-user-13,2025-06-05,AIRTEL POSTPAID,AIRTEL POSTPAID,Utilities,542.07,0
synthetic-user-13,2025-06-08,INDIAN OIL PETROL,INDIAN OIL PETROL,Transportation,1032.06,0
synthetic-user-13,2025-06-09,HOUSE RENT NEFT,HOUSE RENT NEFT,Rent,15063.02,0
synthetic-user-13,2025-06-10,UBER,UBER,Transportation,239.6,0
synthetic-user-13,2025-06-12,NETFLIX SUBSCRIPTION,NETFLIX SUBSCRIPTION,Subscription,690.56,0
synthetic-user-13,2025-06-13,BIGBASKET,BIGBASKET,Groceries,1773.79,0
synthetic-user-13,2025-06-16,SALARY CREDIT,SALARY CREDIT,Salary,66054.96,0
synthetic-user-13,2025-06-16,OLA CABS,OLA CABS,Transportation,199.61,0
synthetic-user-13,2025-06-18,SALARY CREDIT,SALARY CREDIT,Salary,83064.27,0
synthetic-user-13,2025-06-21,OLA CABS,OLA CABS,Transportation,108.64,0
synthetic-user-13,2025-06-23,OLA CABS,OLA CABS,Transportation,128.1,0
synthetic-user-13,2025-06-26,DMART,DMART,Groceries,2806.58,0
synthetic-user-13,2025-06-27,INDIAN OIL PETROL,INDIAN OIL PETROL,Transportation,1073.71,0
synthetic-user-13,2025-06-29,HOUSE RENT NEFT,HOUSE RENT NEFT,Rent,17172.68,0
synthetic-user-13,2025-07-01,AIRTEL POSTPAID,AIRTEL POSTPAID,Utilities,650.86,0
synthetic-user-13,2025-07-02,ELECTRICITY BILL PAYMENT,ELECTRICITY BILL PAYMENT,Bills,2177.86,0
synthetic-user-13,2025-07-02,ZOMATO,ZOMATO,Food,354.01,0
synthetic-user-13,2025-07-04,SALARY CREDIT,SALARY CREDIT,Salary,92659.34,0
synthetic-user-13,2025-07-04,AIRTEL POSTPAID,AIRTEL POSTPAID,Utilities,4681.21,1
synthetic-user-13,2025-07-07,DMART,DMART,Groceries,1446.51,0
synthetic-user-13,2025-07-07,AMAZON,AMAZON,Shopping,1301.2,0
synthetic-user-13,2025-07-09,DMART,DMART,Groceries,2306.2,0
synthetic-user-13,2025-07-09,ZERODHA,ZERODHA,Investment,4468.42,0
synthetic-user-13,2025-07-11,DMART,DMART,Groceries,2095.32,0
synthetic-user-13,2025-07-14,AMAZON,AMAZON,Shopping,1194.38,0
synthetic-user-13,2025-07-16,AMAZON,AMAZON,Shopping,789.03,0
synthetic-user-13,2025-07-18,ELECTRICITY BILL PAYMENT,ELECTRICITY BILL PAYMENT,Bills,2424.46,0
synthetic-user-13,2025-07-21,DMART,DMART,Groceries,1836.89,0
synthetic-user-13,2025-07-24,DMART,DMART,Groceries,2179.71,0
synthetic-user-13,2025-07-27,HOUSE RENT NEFT,HOUSE RENT NEFT,Rent,15481.12,0
synthetic-user-13,2025-07-30,SALARY CREDIT,SALARY CREDIT,Salary,73856.23,0
synthetic-user-13,2025-08-02,BIGBASKET,BIGBASKET,Groceries,1553.56,0
synthetic-user-13,2025-08-03,STARBUCKS,STARBUCKS,Food,258.79,0
synthetic-user-13,2025-08-04,AMAZON,AMAZON,Shopping,1340.99,0
synthetic-user-13,2025-08-05,SWIGGY,SWIGGY,Food,282.63,0
synthetic-user-13,2025-08-08,INDIAN OIL PETROL,INDIAN OIL PETROL,Transportation,968.25,0
synthetic-user-13,2025-08-11,MYNTRA,MYNTRA,Shopping,1835.75,0
synthetic-user-13,2025-08-11,BIGBASKET,BIGBASKET,Groceries,1555.26,0
synthetic-user-14,2025-01-29,STARBUCKS,STARBUCKS,Food,193.01,0
synthetic-user-14,2025-02-01,AMAZON,AMAZON,Shopping,1269.81,0
synthetic-user-14,2025-02-01,ZOMATO,ZOMATO,Food,318.1,0
synthetic-user-14,2025-02-03,DMART,DMART,Groceries,1387.79,0
synthetic-user-14,2025-02-04,FLIPKART,FLIPKART,Shopping,977.5,0
synthetic-user-14,2025-02-04,AIRTEL POSTPAID,AIRTEL POSTPAID,Utilities,626.22,0
synthetic-user-14,2025-02-04,UBER,UBER,Transportation,203.21,0
synthetic-user-14,2025-02-07,OLA CABS,OLA CABS,Transportation,226.26,0
synthetic-user-14,2025-02-08,AIRTEL POSTPAID,AIRTEL POSTPAID,Utilities,566.3,0
synthetic-user-14,2025-02-09,SALARY CREDIT,SALARY CREDIT,Salary,80903.93,0
synthetic-user-14,2025-02-12,FLIPKART,FLIPKART,Shopping,1167.84,0
synthetic-user-14,2025-02-14,NETFLIX SUBSCRIPTION,NETFLIX SUBSCRIPTION,Subscription,573.7,0
synthetic-user-14,2025-02-15,AIRTEL POSTPAID,AIRTEL POSTPAID,Utilities,484.64,0
synthetic-user-14,2025-02-18,ELECTRICITY BILL PAYMENT,ELECTRICITY BILL PAYMENT,Bills,2262.63,0
synthetic-user-14,2025-02-20,ELECTRICITY BILL PAYMENT,ELECTRICITY BILL PAYMENT,Bills,2100.68,0
synthetic-user-14,2025-02-22,INDIAN OIL PETROL,INDIAN OIL PETROL,Transportation,951.51,0
synthetic-user-14,2025-02-23,ZERODHA,ZERODHA,Investment,4371.98,0
synthetic-user-14,2025-02-25,STARBUCKS,STARBUCKS,Food,216.75,0
synthetic-user-14,2025-02-28,DMART,DMART,Groceries,1898.29,0
synthetic-user-14,2025-03-01,FLIPKART,FLIPKART,Shopping,883.85,0
synthetic-user-14,2025-03-01,ZOMATO,ZOMATO,Food,328.52,0
synthetic-user-14,2025-03-04,AMAZON,AMAZON,Shopping,1181.88,0
synthetic-user-14,2025-03-06,STARBUCKS,STARBUCKS,Food,250.79,0
synthetic-user-14,2025-03-09,UBER,UBER,Transportation,194.6,0
synthetic-user-14,2025-03-12,ELECTRICITY BILL PAYMENT,ELECTRICITY BILL PAYMENT,Bills,2398.31,0
synthetic-user-14,2025-03-15,HOUSE RENT NEFT,HOUSE RENT NEFT,Rent,13677.42,0
synthetic-user-14,2025-03-17,UBER,UBER,Transportation,202.93,0
synthetic-user-14,2025-03-19,BIGBASKET,BIGBASKET,Groceries,1588.11,0
synthetic-user-14,2025-03-22,SWIGGY,SWIGGY,Food,343.21,0
synthetic-user-14,2025-03-25,AIRTEL POSTPAID,AIRTEL POSTPAID,Utilities,608.02,0
synthetic-user-14,2025-03-28,NETFLIX SUBSCRIPTION,NETFLIX SUBSCRIPTION,Subscription,557.89,0
synthetic-user-14,2025-03-31,STARBUCKS,STARBUCKS,Food,160.27,0
synthetic-user-14,2025-04-01,OLA CABS,OLA CABS,Transportation,183.69,0
synthetic-user-14,2025-04-02,OLA CABS,OLA CABS,Transportation,183.12,0
synthetic-user-14,2025-04-05,INDIAN OIL PETROL,INDIAN OIL PETROL,Transportation,806.5,0
synthetic-user-14,2025-04-06,HOUSE RENT NEFT,HOUSE RENT NEFT,Rent,16238.98,0
synthetic-user-14,2025-04-07,SWIGGY,SWIGGY,Food,434.27,0
synthetic-user-14,2025-04-10,SALARY CREDIT,SALARY CREDIT,Salary,79054.04,0
synthetic-user-14,2025-04-10,INDIAN OIL PETROL,INDIAN OIL PETROL,Transportation,1058.61,0
synthetic-user-14,2025-04-13,SWIGGY,SWIGGY,Food,414.99,0
synthetic-user-14,2025-04-13,ELECTRICITY BILL PAYMENT,ELECTRICITY BILL PAYMENT,Bills,2835.92,0
synthetic-user-14,2025-04-15,FOREIGN CURRENCY EXCHANGE,FOREIGN CURRENCY EXCHANGE,Other,41596.77,1
synthetic-user-14,2025-04-18,ZOMATO,ZOMATO,Food,385.01,0
synthetic-user-14,2025-04-18,MYNTRA,MYNTRA,Shopping,1332.18,0
synthetic-user-14,2025-04-21,BIGBASKET,BIGBASKET,Groceries,1441.65,0
synthetic-user-14,2025-04-24,NETFLIX SUBSCRIPTION,NETFLIX SUBSCRIPTION,Subscription,550.22,0
synthetic-user-14,2025-04-25,OLA CABS,OLA CABS,Transportation,189.22,0
synthetic-user-14,2025-04-28,INDIAN OIL PETROL,INDIAN OIL PETROL,Transportation,800.57,0
synthetic-user-14,2025-04-30,HOUSE RENT NEFT,HOUSE RENT NEFT,Rent,14856.36,0
synthetic-user-14,2025-05-01,AIRTEL POSTPAID,AIRTEL POSTPAID,Utilities,763.62,0
synthetic-user-14,2025-05-03,UBER,UBER,Transportation,185.81,0
synthetic-user-14,2025-05-04,STARBUCKS,STARBUCKS,Food,240.18,0
synthetic-user-14,2025-05-05,SALARY CREDIT,SALARY CREDIT,Salary,60554.15,0
synthetic-user-14,2025-05-05,SALARY CREDIT,SALARY CREDIT,Salary,62789.12,0
synthetic-user-14,2025-05-05,NETFLIX SUBSCRIPTION,NETFLIX SUBSCRIPTION,Subscription,711.98,0
synthetic-user-14,2025-05-07,UBER,UBER,Transportation,227.08,0
synthetic-user-14,2025-05-07,MYNTRA,MYNTRA,Shopping,1896.79,0
synthetic-user-14,2025-05-10,INDIAN OIL PETROL,INDIAN OIL PETROL,Transportation,1077.58,0
synthetic-user-14,2025-05-12,NETFLIX SUBSCRIPTION,NETFLIX SUBSCRIPTION,Subscription,696.69,0
synthetic-user-14,2025-05-12,APOLLO PHARMACY,APOLLO PHARMACY,Healthcare,445.76,0
synthetic-user-14,2025-05-12,HOUSE RENT NEFT,HOUSE RENT NEFT,Rent,16280.46,0
synthetic-user-14,2025-05-15,BIGBASKET,BIGBASKET,Groceries,1887.55,0
synthetic-user-14,2025-05-15,ZOMATO,ZOMATO,Food,383.4,0
synthetic-user-14,2025-05-15,BIGBASKET,BIGBASKET,Groceries,1840.74,0
synthetic-user-14,2025-05-16,HOUSE RENT NEFT,HOUSE RENT NEFT,Rent,11410.94,0
synthetic-user-14,2025-05-19,BIGBASKET,BIGBASKET,Groceries,1621.05,0
synthetic-user-14,2025-05-20,OLA CABS,OLA CABS,Transportation,201.17,0
synthetic-user-14,2025-05-23,SWIGGY,SWIGGY,Food,352.81,0
synthetic-user-14,2025-05-25,UBER,UBER,Transportation,254.58,0
synthetic-user-14,2025-05-25,ELECTRICITY BILL PAYMENT,ELECTRICITY BILL PAYMENT,Bills,1887.39,0
synthetic-user-14,2025-05-26,ZERODHA,ZERODHA,Investment,5851.78,0
synthetic-user-14,2025-05-29,DMART,DMART,Groceries,2099.02,0
synthetic-user-14,2025-06-01,ZERODHA,ZERODHA,Investment,4265.95,0
synthetic-user-14,2025-06-03,HOUSE RENT NEFT,HOUSE RENT NEFT,Rent,15194.09,0
synthetic-user-14,2025-06-03,MYNTRA,MYNTRA,Shopping,1525.21,0
synthetic-user-14,2025-06-06,UBER,UBER,Transportation,172.55,0
synthetic-user-14,2025-06-06,DMART,DMART,Groceries,2120.71,0
synthetic-user-14,2025-06-06,ZERODHA,ZERODHA,Investment,5770.46,0
synthetic-user-14,2025-06-08,MYNTRA,MYNTRA,Shopping,1459.9,0
synthetic-user-14,2025-06-10,FOREIGN CURRENCY EXCHANGE,FOREIGN CURRENCY EXCHANGE,Other,42468.05,1
synthetic-user-14,2025-06-11,HOUSE RENT NEFT,HOUSE RENT NEFT,Rent,12090.74,0
synthetic-user-14,2025-06-14,AIRTEL POSTPAID,AIRTEL POSTPAID,Utilities,451.38,0
synthetic-user-14,2025-06-15,STARBUCKS,STARBUCKS,Food,282.93,0
synthetic-user-14,2025-06-16,APOLLO PHARMACY,APOLLO PHARMACY,Healthcare,464.02,0
synthetic-user-14,2025-06-18,ZERODHA,ZERODHA,Investment,4137.36,0
synthetic-user-14,2025-06-19,APOLLO PHARMACY,APOLLO PHARMACY,Healthcare,4299.76,1
synthetic-user-14,2025-06-20,FLIPKART,FLIPKART,Shopping,941.79,0
synthetic-user-14,2025-06-23,BIGBASKET,BIGBASKET,Groceries,1451.22,0
synthetic-user-14,2025-06-25,NETFLIX SUBSCRIPTION,NETFLIX SUBSCRIPTION,Subscription,463.32,0
synthetic-user-14,2025-06-25,BIGBASKET,BIGBASKET,Groceries,1221.78,0
synthetic-user-14,2025-06-25,INDIAN OIL PETROL,INDIAN OIL PETROL,Transportation,1061.9,0
synthetic-user-14,2025-06-26,FLIPKART,FLIPKART,Shopping,862.59,0
synthetic-user-14,2025-06-27,ZERODHA,ZERODHA,Investment,3805.54,0
synthetic-user-14,2025-06-28,ZERODHA,ZERODHA,Investment,3787.37,0
synthetic-user-14,2025-06-30,DMART,DMART,Groceries,1723.86,0
synthetic-user-14,2025-07-03,STARBUCKS,STARBUCKS,Food,283.0,0
synthetic-user-14,2025-07-04,HOUSE RENT NEFT,HOUSE RENT NEFT,Rent,16296.22,0
synthetic-user-14,2025-07-04,ZERODHA,ZERODHA,Investment,4213.97,0
synthetic-user-14,2025-07-07,SALARY CREDIT,SALARY CREDIT,Salary,72157.33,0
synthetic-user-14,2025-07-10,SALARY CREDIT,SALARY CREDIT,Salary,63839.19,0
synthetic-user-14,2025-07-11,DMART,DMART,Groceries,1690.45,0
synthetic-user-14,2025-07-14,DMART,DMART,Groceries,2352.73,0
synthetic-user-14,2025-07-14,HOUSE RENT NEFT,HOUSE RENT NEFT,Rent,14461.36,0
synthetic-user-14,2025-07-17,FOREIGN CURRENCY EXCHANGE,FOREIGN CURRENCY EXCHANGE,Other,31619.94,1
synthetic-user-14,2025-07-17,ELECTRICITY BILL PAYMENT,ELECTRICITY BILL PAYMENT,Bills,2443.82,0
synthetic-user-14,2025-07-19,DMART,DMART,Groceries,2184.16,0
synthetic-user-14,2025-07-19,NETFLIX SUBSCRIPTION,NETFLIX SUBSCRIPTION,Subscription,612.12,0
synthetic-user-14,2025-07-20,ELECTRICITY BILL PAYMENT,ELECTRICITY BILL PAYMENT,Bills,2559.57,0
synthetic-user-14,2025-07-20,FLIPKART,FLIPKART,Shopping,1080.15,0
synthetic-user-14,2025-07-23,STARBUCKS,STARBUCKS,Food,2805.64,1
synthetic-user-14,2025-07-26,FLIPKART,FLIPKART,Shopping,932.89,0
synthetic-user-14,2025-07-29,AIRTEL POSTPAID,AIRTEL POSTPAID,Utilities,457.36,0
synthetic-user-14,2025-07-30,ZERODHA,ZERODHA,Investment,5185.52,0
synthetic-user-14,2025-08-02,HOUSE RENT NEFT,HOUSE RENT NEFT,Rent,17152.42,0
synthetic-user-14,2025-08-02,ELECTRICITY BILL PAYMENT,ELECTRICITY BILL PAYMENT,Bills,2628.72,0
synthetic-user-14,2025-08-05,AIRTEL POSTPAID,AIRTEL POSTPAID,Utilities,584.4,0
synthetic-user-14,2025-08-08,STARBUCKS,STARBUCKS,Food,259.74,0
synthetic-user-14,2025-08-09,FLIPKART,FLIPKART,Shopping,928.49,0
synthetic-user-14,2025-08-09,APOLLO PHARMACY,APOLLO PHARMACY,Healthcare,437.01,0
synthetic-user-14,2025-08-09,ZERODHA,ZERODHA,Investment,5316.82,0
